utc_time,x_error (m),y_error (m),z_error (m),satclockerror (m)
2025-09-01 06:00:00,5.333443295,4.530495398,-2.600099377,1.280427199
2025-09-01 06:15:00,4.694625510125,3.986315416375,-2.276120276375,0.669137036375
2025-09-01 06:30:00,4.05580772525,3.44213543475,-1.95214117575,0.05784687374999997
2025-09-01 06:45:00,3.416989940375,2.8979554531250002,-1.6281620751249999,-0.553443288875
2025-09-01 07:00:00,2.7781721555,2.3537754715,-1.3041829745,-1.1647334515
2025-09-01 07:15:00,2.139354370625,1.809595489875,-0.9802038738749999,-1.776023614125
2025-09-01 07:30:00,1.50053658575,1.2654155082500003,-0.65622477325,-2.38731377675
2025-09-01 07:45:00,0.8617188008749999,0.7212355266250001,-0.33224567262500004,-2.998603939375
2025-09-01 08:00:00,0.222901016,0.177055545,-0.008266572,-3.609894102
2025-09-01 08:15:00,0.26288795062500003,0.29550136662500004,0.77861061875,-3.2111371557500004
2025-09-01 08:30:00,0.30287488525,0.41394718825,1.5654878095000002,-2.8123802095
2025-09-01 08:45:00,0.342861819875,0.532393009875,2.3523650002500003,-2.41362326325
2025-09-01 09:00:00,0.3828487545,0.6508388315,3.139242191,-2.014866317
2025-09-01 09:15:00,0.422835689125,0.7692846531249999,3.9261193817500004,-1.61610937075
2025-09-01 09:30:00,0.46282262375,0.88773047475,4.712996572500001,-1.2173524245
2025-09-01 09:45:00,0.502809558375,1.006176296375,5.49987376325,-0.8185954782499998
2025-09-01 10:00:00,0.542796493,1.124622118,6.286750954,-0.419838532
2025-09-01 10:15:00,0.49550493,0.98577616575,5.501824342375,-0.40714353175
2025-09-01 10:30:00,0.44821336700000003,0.8469302135000001,4.71689773075,-0.3944485315
2025-09-01 10:45:00,0.400921804,0.70808426125,3.9319711191250004,-0.38175353125
2025-09-01 11:00:00,0.353630241,0.569238309,3.1470445075,-0.36905853099999997
2025-09-01 11:15:00,0.30633867800000003,0.4303923567500001,2.362117895875,-0.35636353075
2025-09-01 11:30:00,0.25904711500000005,0.2915464045,1.5771912842500004,-0.3436685305
2025-09-01 11:45:00,0.21175555200000007,0.15270045225000006,0.7922646726249996,-0.33097353025
2025-09-01 12:00:00,0.164463989,0.0138545,0.007338061,-0.31827853
2025-09-01 12:15:00,0.039100040249999996,-0.07135543074999999,0.09093590237499999,-0.09989802675000001
2025-09-01 12:30:00,-0.08626390850000001,-0.1565653615,0.17453374375,0.11848247649999999
2025-09-01 12:45:00,-0.21162785725000002,-0.24177529225,0.258131585125,0.33686297974999996
2025-09-01 13:00:00,-0.336991806,-0.326985223,0.3417294265,0.5552434829999999
2025-09-01 13:15:00,-0.46235575475,-0.41219515375,0.42532726787499997,0.7736239862500001
2025-09-01 13:30:00,-0.5877197035,-0.4974050845,0.50892510925,0.9920044895
2025-09-01 13:45:00,-0.7130836522500001,-0.5826150152499999,0.5925229506249999,1.21038499275
2025-09-01 14:00:00,-0.838447601,-0.667824946,0.676120792,1.428765496
2025-09-01 14:15:00,-0.325484154125,-0.18182103774999991,0.36143351949999997,1.695300957375
2025-09-01 14:30:00,0.18747929275000008,0.30418287050000015,0.04674624699999996,1.96183641875
2025-09-01 14:45:00,0.7004427396250003,0.7901867787500002,-0.2679410255000001,2.228371880125
2025-09-01 15:00:00,1.2134061865000003,1.2761906870000002,-0.582628298,2.4949073415000003
2025-09-01 15:15:00,1.7263696333750005,1.76219459525,-0.8973155705000001,2.761442802875
2025-09-01 15:30:00,2.2393330802500007,2.2481985035000003,-1.212002843,3.0279782642499997
2025-09-01 15:45:00,2.7522965271250004,2.73420241175,-1.5266901155000001,3.2945137256250003
2025-09-01 16:00:00,3.265259974,3.22020632,-1.841377388,3.561049187
2025-09-01 16:15:00,3.059598157,3.042240389875,-2.272592179375,3.5864122135
2025-09-01 16:30:00,2.85393634,2.86427445975,-2.70380697075,3.61177524
2025-09-01 16:45:00,2.648274523,2.686308529625,-3.1350217621250005,3.6371382665
2025-09-01 17:00:00,2.4426127060000002,2.5083425994999997,-3.5662365535000005,3.662501293
2025-09-01 17:15:00,2.236950889,2.330376669375,-3.9974513448750004,3.6878643195
2025-09-01 17:30:00,2.031289072,2.15241073925,-4.42866613625,3.713227346
2025-09-01 17:45:00,1.825627255,1.974444809125,-4.859880927625,3.7385903725
2025-09-01 18:00:00,1.619965438,1.796478879,-5.291095719,3.763953399
2025-09-01 18:15:00,1.4654896922499998,1.60922638025,-5.118515249375,3.38317920725
2025-09-01 18:30:00,1.3110139465,1.4219738815,-4.94593477975,3.0024050155
2025-09-01 18:45:00,1.15653820075,1.2347213827499999,-4.773354310125,2.6216308237500003
2025-09-01 19:00:00,1.002062455,1.047468884,-4.6007738405000005,2.240856632
2025-09-01 19:15:00,0.84758670925,0.8602163852499999,-4.428193370875,1.86008244025
2025-09-01 19:30:00,0.6931109635,0.6729638864999998,-4.25561290125,1.4793082485000002
2025-09-01 19:45:00,0.53863521775,0.4857113877499999,-4.083032431625,1.0985340567500002
2025-09-01 20:00:00,0.384159472,0.298458889,-3.910451962,0.717759865
2025-09-01 20:15:00,0.19869016499999997,0.140189406375,-3.43468783725,0.5210252765
2025-09-01 20:30:00,0.013220857999999946,-0.01808007625000002,-2.9589237125,0.324290688
2025-09-01 20:45:00,-0.17224844900000003,-0.17634955887500003,-2.48315958775,0.12755609950000002
2025-09-01 21:00:00,-0.3577177560000001,-0.33461904150000005,-2.007395463,-0.06917848900000001
2025-09-01 21:15:00,-0.5431870630000001,-0.4928885241250001,-1.53163133825,-0.26591307750000004
2025-09-01 21:30:00,-0.72865637,-0.65115800675,-1.0558672135,-0.46264766599999996
2025-09-01 21:45:00,-0.9141256770000002,-0.8094274893750002,-0.58010308875,-0.6593822545
2025-09-01 22:00:00,-1.099594984,-0.967696972,-0.104338964,-0.856116843
2025-09-01 22:15:00,-1.3508662510000002,-1.15827242225,0.21556178574999998,-0.637149836875
2025-09-01 22:30:00,-1.6021375180000001,-1.3488478725,0.5354625355,-0.41818283075
2025-09-01 22:45:00,-1.853408785,-1.53942332275,0.8553632852499999,-0.19921582462499998
2025-09-01 23:00:00,-2.104680052,-1.7299987730000002,1.1752640349999999,0.019751181499999992
2025-09-01 23:15:00,-2.355951319,-1.92057422325,1.4951647847499998,0.23871818762500008
2025-09-01 23:30:00,-2.6072225860000002,-2.1111496735,1.8150655344999997,0.45768519375000005
2025-09-01 23:45:00,-2.858493853,-2.3017251237500003,2.13496628425,0.676652199875
2025-09-02 00:00:00,-3.10976512,-2.492300574,2.454867034,0.895619206
2025-09-02 00:15:00,-2.82768284125,-2.229019278875,2.3823404726249997,0.716334832
2025-09-02 00:30:00,-2.5456005624999998,-1.96573798375,2.30981391125,0.537050458
2025-09-02 00:45:00,-2.26351828375,-1.702456688625,2.237287349875,0.357766084
2025-09-02 01:00:00,-1.981436005,-1.4391753935,2.1647607884999998,0.17848171000000002
2025-09-02 01:15:00,-1.69935372625,-1.1758940983750001,2.092234227125,-0.000802664000000064
2025-09-02 01:30:00,-1.4172714475,-0.91261280325,2.01970766575,-0.18008703800000003
2025-09-02 01:45:00,-1.13518916875,-0.649331508125,1.9471811043749998,-0.3593714120000001
2025-09-02 02:00:00,-0.85310689,-0.386050213,1.874654543,-0.538655786
2025-09-02 02:15:00,-0.5812543925,-0.18158932949999995,1.5433485244999998,-0.325030497
2025-09-02 02:30:00,-0.3094018949999999,0.02287155400000007,1.212042506,-0.11140520800000003
2025-09-02 02:45:00,-0.03754939749999997,0.2273324375000001,0.8807364875,0.10222008100000002
2025-09-02 03:00:00,0.2343031000000001,0.4317933210000001,0.549430469,0.3158453699999999
2025-09-02 03:15:00,0.5061555974999999,0.6362542045,0.21812445050000018,0.5294706589999999
2025-09-02 03:30:00,0.778008095,0.8407150880000002,-0.1131815679999999,0.743095948
2025-09-02 03:45:00,1.0498605925,1.0451759715,-0.4444875865,0.9567212369999999
2025-09-02 04:00:00,1.32171309,1.249636855,-0.775793605,1.170346526
2025-09-02 04:15:00,1.591969032875,1.52451317475,-0.80222077,1.2575976096250001
2025-09-02 04:30:00,1.86222497575,1.7993894945000002,-0.828647935,1.3448486932500001
2025-09-02 04:45:00,2.132480918625,2.0742658142500003,-0.8550751,1.432099776875
2025-09-02 05:00:00,2.4027368615,2.349142134,-0.881502265,1.5193508605
2025-09-02 05:15:00,2.672992804375,2.62401845375,-0.90792943,1.606601944125
2025-09-02 05:30:00,2.94324874725,2.8988947735000004,-0.934356595,1.69385302775
2025-09-02 05:45:00,3.213504690125,3.17377109325,-0.96078376,1.781104111375
2025-09-02 06:00:00,3.483760633,3.448647413,-0.987210925,1.868355195
2025-09-02 06:15:00,3.0824250545000003,3.036626060125,-0.872787698875,1.1216859645
2025-09-02 06:30:00,2.6810894760000004,2.62460470725,-0.75836447275,0.3750167339999999
2025-09-02 06:45:00,2.2797538975,2.212583354375,-0.643941246625,-0.3716524965000003
2025-09-02 07:00:00,1.8784183190000001,1.8005620015000001,-0.5295180205,-1.118321727
2025-09-02 07:15:00,1.4770827405000002,1.3885406486249998,-0.41509479437499996,-1.8649909575000003
2025-09-02 07:30:00,1.0757471619999999,0.9765192957500002,-0.30067156824999997,-2.6116601880000005
2025-09-02 07:45:00,0.6744115835,0.5644979428750001,-0.18624834212499997,-3.3583294185000008
2025-09-02 08:00:00,0.273076005,0.15247659,-0.071825116,-4.104998649
2025-09-02 08:15:00,0.20012273525000002,0.102068514875,-0.06445050025,-3.7104643768749996
2025-09-02 08:30:00,0.12716946550000002,0.05166043975000001,-0.05707588449999999,-3.3159301047499996
2025-09-02 08:45:00,0.05421619575,0.0012523646250000298,-0.04970126875,-2.9213958326249996
2025-09-02 09:00:00,-0.018737073999999965,-0.04915571049999998,-0.042326653,-2.5268615604999995
2025-09-02 09:15:00,-0.09169034375000001,-0.09956378562499998,-0.03495203725,-2.1323272883749995
2025-09-02 09:30:00,-0.1646436135,-0.14997186074999994,-0.027577421500000004,-1.73779301625
2025-09-02 09:45:00,-0.23759688325,-0.20037993587499994,-0.020202805750000004,-1.343258744125
2025-09-02 10:00:00,-0.310550153,-0.250788011,-0.01282819,-0.948724472
2025-09-02 10:15:00,-0.2767197185,-0.23792911537499997,0.007498616874999999,-0.783227163375
2025-09-02 10:30:00,-0.24288928399999998,-0.22507021975,0.027825423749999998,-0.61772985475
2025-09-02 10:45:00,-0.20905884949999998,-0.212211324125,0.048152230625,-0.4522325461249999
2025-09-02 11:00:00,-0.175228415,-0.19935242849999998,0.06847903749999999,-0.28673523749999996
2025-09-02 11:15:00,-0.1413979805,-0.18649353287499998,0.08880584437499998,-0.12123792887499985
2025-09-02 11:30:00,-0.10756754599999999,-0.17363463725,0.10913265124999999,0.04425937975000016
2025-09-02 11:45:00,-0.07373711150000001,-0.160775741625,0.129459458125,0.20975668837500006
2025-09-02 12:00:00,-0.039906677,-0.147916846,0.149786265,0.375253997
2025-09-02 12:15:00,0.5672398948749999,0.520201580625,1.33846322875,0.436049992625
2025-09-02 12:30:00,1.17438646675,1.18832000725,2.5271401925,0.49684598825
2025-09-02 12:45:00,1.781533038625,1.856438433875,3.7158171562500004,0.557641983875
2025-09-02 13:00:00,2.3886796105,2.5245568604999997,4.904494120000001,0.6184379795
2025-09-02 13:15:00,2.995826182375,3.1926752871249997,6.0931710837500015,0.6792339751250001
2025-09-02 13:30:00,3.60297275425,3.8607937137499997,7.281848047500001,0.74002997075
2025-09-02 13:45:00,4.210119326125,4.528912140375,8.47052501125,0.8008259663749999
2025-09-02 14:00:00,4.817265898,5.197030567,9.659201975,0.861621962
2025-09-02 14:15:00,4.128703661249999,4.45329915675,8.28161964,1.1630578635
2025-09-02 14:30:00,3.4401414244999997,3.7095677464999994,6.904037305,1.4644937649999998
2025-09-02 14:45:00,2.75157918775,2.9658363362499993,5.52645497,1.7659296665
2025-09-02 15:00:00,2.063016951,2.2221049259999996,4.148872635,2.067365568
2025-09-02 15:15:00,1.37445471425,1.4783735157499995,2.7712902999999995,2.3688014694999997
2025-09-02 15:30:00,0.6858924775000004,0.734642105499999,1.393707964999999,2.670237371
2025-09-02 15:45:00,-0.0026697592499997924,-0.009089304750000693,0.016125629999999447,2.9716732725
2025-09-02 16:00:00,-0.691231996,-0.752820715,-1.361456705,3.273109174
2025-09-02 16:15:00,-0.458813965,-0.5246013968750001,-1.6904254239999998,3.263571760375
2025-09-02 16:30:00,-0.22639593400000002,-0.29638207875,-2.019394143,3.25403434675
2025-09-02 16:45:00,0.006022097000000004,-0.06816276062499993,-2.348362862,3.244496933125
2025-09-02 17:00:00,0.23844012799999992,0.16005655750000003,-2.677331581,3.2349595195000003
2025-09-02 17:15:00,0.47085815899999983,0.3882758756250001,-3.0063003000000004,3.225422105875
2025-09-02 17:30:00,0.70327619,0.6164951937500002,-3.335269019,3.21588469225
2025-09-02 17:45:00,0.9356942209999999,0.8447145118750002,-3.6642377380000006,3.206347278625
2025-09-02 18:00:00,1.168112252,1.07293383,-3.993206457,3.196809865
2025-09-02 18:15:00,0.965661765125,0.876302830625,-3.6905857151249997,2.877391205125
2025-09-02 18:30:00,0.76321127825,0.67967183125,-3.38796497325,2.55797254525
2025-09-02 18:45:00,0.560760791375,0.4830408318749999,-3.085344231375,2.238553885375
2025-09-02 19:00:00,0.3583103045,0.28640983249999996,-2.7827234895,1.9191352255
2025-09-02 19:15:00,0.15585981762500012,0.0897788331249999,-2.4801027476249997,1.599716565625
2025-09-02 19:30:00,-0.046590669249999994,-0.10685216625000016,-2.17748200575,1.2802979057500001
2025-09-02 19:45:00,-0.24904115612499989,-0.3034831656250001,-1.8748612638749997,0.9608792458750002
2025-09-02 20:00:00,-0.451491643,-0.500114165,-1.572240522,0.641460586
2025-09-02 20:15:00,-0.29487269725,-0.33439858137500006,-1.107555664625,0.36169757687500004
2025-09-02 20:30:00,-0.13825375149999997,-0.16868299775000006,-0.64287080725,0.08193456775000008
2025-09-02 20:45:00,0.01836519425000005,-0.0029674141250000674,-0.17818594987500003,-0.19782844137499989
2025-09-02 21:00:00,0.17498414000000007,0.16274816949999993,0.28649890749999996,-0.47759145049999985
2025-09-02 21:15:00,0.3316030857500001,0.328463753125,0.7511837648749999,-0.7573544596249997
2025-09-02 21:30:00,0.4882220315000001,0.4941793367499999,1.21586862225,-1.0371174687499998
2025-09-02 21:45:00,0.6448409772500001,0.659894920375,1.680553479625,-1.3168804778749996
2025-09-02 22:00:00,0.801459923,0.825610504,2.145238337,-1.596643487
2025-09-02 22:15:00,0.861880026375,0.9265659940000001,2.259801130375,-1.534755422375
2025-09-02 22:30:00,0.92230012975,1.027521484,2.37436392375,-1.47286735775
2025-09-02 22:45:00,0.982720233125,1.128476974,2.488926717125,-1.410979293125
2025-09-02 23:00:00,1.0431403365,1.229432464,2.6034895105,-1.3490912284999999
2025-09-02 23:15:00,1.103560439875,1.3303879539999999,2.718052303875,-1.287203163875
2025-09-02 23:30:00,1.16398054325,1.431343444,2.83261509725,-1.22531509925
2025-09-02 23:45:00,1.224400646625,1.532298934,2.9471778906250004,-1.163427034625
2025-09-03 00:00:00,1.28482075,1.633254424,3.061740684,-1.10153897
2025-09-03 00:15:00,1.3242748847499999,1.64022752525,2.879291954125,-1.13218974725
2025-09-03 00:30:00,1.3637290195,1.6472006265,2.6968432242500002,-1.1628405245
2025-09-03 00:45:00,1.40318315425,1.65417372775,2.514394494375,-1.19349130175
2025-09-03 01:00:00,1.4426372889999999,1.661146829,2.3319457645,-1.224142079
2025-09-03 01:15:00,1.48209142375,1.66811993025,2.149497034625,-1.2547928562500001
2025-09-03 01:30:00,1.5215455585,1.6750930314999999,1.9670483047499998,-1.2854436335000001
2025-09-03 01:45:00,1.56099969325,1.68206613275,1.7845995748749999,-1.31609441075
2025-09-03 02:00:00,1.600453828,1.689039234,1.602150845,-1.346745188
2025-09-03 02:15:00,1.4860323155000001,1.656037221125,1.3881896734999999,-0.8666114226250001
2025-09-03 02:30:00,1.371610803,1.6230352082500001,1.174228502,-0.38647765725000016
2025-09-03 02:45:00,1.2571892905,1.590033195375,0.9602673305,0.0936561081249998
2025-09-03 03:00:00,1.142767778,1.5570311825,0.7463061590000001,0.5737898734999998
2025-09-03 03:15:00,1.0283462655000002,1.5240291696250001,0.5323449875000001,1.0539236388749995
2025-09-03 03:30:00,0.9139247530000001,1.49102715675,0.3183838160000001,1.5340574042499997
2025-09-03 03:45:00,0.7995032405000001,1.458025143875,0.10442264450000005,2.0141911696249997
2025-09-03 04:00:00,0.685081728,1.425023131,-0.109538527,2.494324935
2025-09-03 04:15:00,0.884818563375,1.553601960625,-0.321432106625,2.58579870025
2025-09-03 04:30:00,1.08455539875,1.6821807902500001,-0.53332568625,2.6772724654999998
2025-09-03 04:45:00,1.284292234125,1.8107596198750002,-0.745219265875,2.7687462307499997
2025-09-03 05:00:00,1.4840290695,1.9393384495000001,-0.9571128455,2.8602199959999997
2025-09-03 05:15:00,1.683765904875,2.067917279125,-1.1690064251249999,2.95169376125
2025-09-03 05:30:00,1.88350274025,2.19649610875,-1.38090000475,3.0431675265
2025-09-03 05:45:00,2.083239575625,2.3250749383750002,-1.5927935843749998,3.13464129175
2025-09-03 06:00:00,2.282976411,2.453653768,-1.804687164,3.226115057
2025-09-03 06:15:00,2.2142723115714285,2.3492772651428573,-1.5285973787142857,1.9532095868571426
2025-09-03 06:30:00,2.145568212142857,2.2449007622857144,-1.2525075934285714,0.6803041167142854
2025-09-03 06:45:00,2.0768641127142855,2.1405242594285716,-0.9764178081428572,-0.5926013534285719
2025-09-03 07:00:00,2.0081600132857145,2.0361477565714288,-0.7003280228571429,-1.8655068235714292
2025-09-03 07:15:00,1.939455913857143,1.9317712537142857,-0.42423823757142864,-3.138412293714286
2025-09-03 07:30:00,1.8707518144285715,1.8273947508571429,-0.14814845228571438,-4.411317763857143
2025-09-03 07:45:00,1.802047715,1.723018248,0.127941333,-5.684223234
2025-09-03 08:00:00,-0.169225954,-1.436892197,-0.472263408,-0.877388407
2025-09-03 08:15:00,-1.10003984,-0.815805573,0.457262781,0.183785608
2025-09-03 08:30:00,0.08827807,-0.103566945,0.427094062,-0.266106398
2025-09-03 08:45:00,-0.213135459,-0.353847157,-0.467816517,0.027285101
2025-09-03 09:00:00,0.139093529,0.021653887,-2.238380639,-0.002157456
2025-09-03 09:15:00,-2.12765542,-1.471064188,3.538109067,0.013097063
2025-09-03 09:30:00,-1.4622785075,-1.0829802389999998,1.009354241,0.0135109265
2025-09-03 09:45:00,-0.796901595,-0.69489629,-1.519400585,0.01392479
2025-09-03 10:00:00,-2.414123408,-1.709124576,-0.042287993,0.152698809
2025-09-03 10:15:00,-1.139717549,-0.784878902,-0.788910913,0.152698809
2025-09-03 10:30:00,-0.989945177,-0.879231654,0.064290363,-0.049076535
2025-09-03 10:45:00,-0.033485472,0.087050788,0.058601988,0.078534921
2025-09-03 11:00:00,6.714422453,5.886779267,10.81891421,-1.103716873
2025-09-03 11:15:00,-2.092337634,-1.452630259,-0.883779709,0.230126956
2025-09-03 11:30:00,0.597511485,0.454625659,0.574959028,-0.017989736
2025-09-03 11:45:00,0.258106098,0.527340513,0.959097091,0.26941233
2025-09-03 12:00:00,-1.156102259,-1.003954992,-0.574481407,-0.033794614
2025-09-03 12:15:00,0.97350508,0.731687136,-0.465981476,0.105807101
2025-09-03 12:30:00,-1.174213734,-0.842248604,0.419547307,0.105807101
2025-09-03 12:45:00,0.458125912,0.310934536,-0.154250738,0.151609723
2025-09-03 13:00:00,-5.621142864,-5.192379687,-0.562139402,0.5088074
2025-09-03 13:15:00,-0.018692568,-0.143080782,-0.010322493,0.074720332
2025-09-03 13:30:00,0.356143791,0.122856393,0.435671116,-0.173946749
2025-09-03 13:45:00,-0.5947161655,-0.664261295,-0.3108083,0.008471160499999991
2025-09-03 14:00:00,-1.545576122,-1.451378983,-1.057287716,0.19088907
2025-09-03 14:15:00,-1.724595867875,-1.602621879375,-1.104184192625,0.584611931375
2025-09-03 14:30:00,-1.90361561375,-1.7538647757499999,-1.15108066925,0.97833479275
2025-09-03 14:45:00,-2.082635359625,-1.905107672125,-1.197977145875,1.3720576541250002
2025-09-03 15:00:00,-2.2616551055,-2.0563505685,-1.2448736225,1.7657805155
2025-09-03 15:15:00,-2.4406748513750003,-2.207593464875,-1.291770099125,2.159503376875
2025-09-03 15:30:00,-2.61969459725,-2.35883636125,-1.33866657575,2.55322623825
2025-09-03 15:45:00,-2.798714343125,-2.5100792576249997,-1.385563052375,2.946949099625
2025-09-03 16:00:00,-2.977734089,-2.661322154,-1.432459529,3.340671961
2025-09-03 16:15:00,-2.761084356,-2.475246270125,-1.8100897167499999,3.352807436
2025-09-03 16:30:00,-2.544434623,-2.28917038625,-2.1877199044999998,3.364942911
2025-09-03 16:45:00,-2.32778489,-2.103094502375,-2.56535009225,3.377078386
2025-09-03 17:00:00,-2.111135157,-1.9170186185,-2.94298028,3.389213861
2025-09-03 17:15:00,-1.894485424,-1.7309427346250001,-3.32061046775,3.401349336
2025-09-03 17:30:00,-1.6778356909999999,-1.54486685075,-3.6982406555,3.413484811
2025-09-03 17:45:00,-1.461185958,-1.358790966875,-4.07587084325,3.425620286
2025-09-03 18:00:00,-1.244536225,-1.172715083,-4.453501031,3.437755761
2025-09-03 18:15:00,-0.842249974375,-0.820548940625,-4.121085484375,3.031086010125
2025-09-03 18:30:00,-0.43996372375000004,-0.46838279824999995,-3.78866993775,2.62441625925
2025-09-03 18:45:00,-0.03767747312500003,-0.11621665587499996,-3.4562543911250003,2.217746508375
2025-09-03 19:00:00,0.3646087775,0.23594948650000003,-3.1238388445,1.8110767575
2025-09-03 19:15:00,0.766895028125,0.588115628875,-2.791423297875,1.404407006625
2025-09-03 19:30:00,1.16918127875,0.94028177125,-2.45900775125,0.9977372557499997
2025-09-03 19:45:00,1.571467529375,1.2924479136249998,-2.126592204625,0.5910675048749998
2025-09-03 20:00:00,1.97375378,1.644614056,-1.794176658,0.184397754
2025-09-03 20:15:00,1.95628398225,1.68026733325,-1.276124898875,0.005140361375000013
2025-09-03 20:30:00,1.9388141845,1.7159206105,-0.75807313975,-0.17411703124999997
2025-09-03 20:45:00,1.92134438675,1.75157388775,-0.240021380625,-0.35337442387499995
2025-09-03 21:00:00,1.903874589,1.787227165,0.2780303785,-0.5326318164999999
2025-09-03 21:15:00,1.8864047912500002,1.82288044225,0.796082137625,-0.7118892091249999
2025-09-03 21:30:00,1.8689349935000001,1.8585337195,1.31413389675,-0.8911466017499999
2025-09-03 21:45:00,1.8514651957500001,1.89418699675,1.832185655875,-1.0704039943750001
2025-09-03 22:00:00,1.833995398,1.929840274,2.350237415,-1.249661387
2025-09-03 22:15:00,1.9354122657500001,2.05659058675,2.552096957875,-1.3935127845
2025-09-03 22:30:00,2.0368291335,2.1833408995,2.75395650075,-1.537364182
2025-09-03 22:45:00,2.13824600125,2.31009121225,2.955816043625,-1.6812155795
2025-09-03 23:00:00,2.239662869,2.436841525,3.1576755865,-1.825066977
2025-09-03 23:15:00,2.3410797367500003,2.5635918377499998,3.359535129375,-1.9689183745
2025-09-03 23:30:00,2.4424966045,2.6903421505,3.5613946722500005,-2.112769772
2025-09-03 23:45:00,2.54391347225,2.81709246325,3.7632542151250004,-2.2566211695
2025-09-04 00:00:00,2.64533034,2.943842776,3.965113758,-2.400472567
2025-09-04 00:15:00,2.224407810125,2.5691236484999997,3.8230018225,-2.155609990625
2025-09-04 00:30:00,1.8034852802500003,2.194404521,3.680889887,-1.91074741425
2025-09-04 00:45:00,1.3825627503750002,1.8196853935000001,3.5387779515,-1.665884837875
2025-09-04 01:00:00,0.9616402205000003,1.444966266,3.396666016,-1.4210222615
2025-09-04 01:15:00,0.5407176906250002,1.0702471385,3.2545540805,-1.176159685125
2025-09-04 01:30:00,0.1197951607500003,0.6955280110000004,3.112442145,-0.9312971087499999
2025-09-04 01:45:00,-0.3011273691249996,0.32080888350000025,2.9703302095,-0.6864345323749999
2025-09-04 02:00:00,-0.722049899,-0.053910244,2.828218274,-0.441571956
2025-09-04 02:15:00,-0.7388263676250001,0.08934707175,2.496137329375,0.007911028375000018
2025-09-04 02:30:00,-0.75560283625,0.2326043875,2.1640563847500003,0.45739401275
2025-09-04 02:45:00,-0.7723793048750001,0.37586170325,1.831975440125,0.9068769971250001
2025-09-04 03:00:00,-0.7891557735000001,0.519119019,1.4998944955,1.3563599815
2025-09-04 03:15:00,-0.805932242125,0.66237633475,1.1678135508749998,1.805842965875
2025-09-04 03:30:00,-0.8227087107500001,0.8056336505,0.8357326062499999,2.2553259502500005
2025-09-04 03:45:00,-0.839485179375,0.9488909662500001,0.5036516616249997,2.7048089346250004
2025-09-04 04:00:00,-0.856261648,1.092148282,0.171570717,3.154291919
2025-09-04 04:15:00,-0.713266054375,1.02159077475,-0.14166571612499998,3.09715906875
2025-09-04 04:30:00,-0.57027046075,0.9510332675,-0.45490214924999994,3.0400262185
2025-09-04 04:45:00,-0.42727486712500007,0.88047576025,-0.7681385823749999,2.98289336825
2025-09-04 05:00:00,-0.28427927350000004,0.809918253,-1.0813750155,2.9257605179999997
2025-09-04 05:15:00,-0.14128367987500012,0.73936074575,-1.3946114486249999,2.8686276677499998
2025-09-04 05:30:00,0.0017119137499999049,0.6688032385,-1.7078478817499998,2.8114948175
2025-09-04 05:45:00,0.14470750737499993,0.59824573125,-2.021084314875,2.75436196725
2025-09-04 06:00:00,0.287703101,0.527688224,-2.334320748,2.697229117
2025-09-04 06:15:00,0.25276787475,0.45636030625,-2.0413256786250003,1.706256835375
2025-09-04 06:30:00,0.2178326485,0.3850323885,-1.74833060925,0.7152845537500001
2025-09-04 06:45:00,0.18289742225000002,0.31370447075,-1.455335539875,-0.27568772787499984
2025-09-04 07:00:00,0.14796219600000002,0.242376553,-1.1623404705,-1.2666600094999998
2025-09-04 07:15:00,0.11302696975000004,0.17104863525000003,-0.8693454011249999,-2.2576322911249997
2025-09-04 07:30:00,0.07809174350000003,0.0997207175,-0.5763503317499998,-3.2486045727499997
2025-09-04 07:45:00,0.043156517250000026,0.028392799749999975,-0.28335526237499975,-4.239576854375
2025-09-04 08:00:00,0.008221291,-0.042935118,0.009639807,-5.230549136
2025-09-04 08:15:00,1.2605026658749998,1.0300294390000002,0.167897657125,-5.2527815498749995
2025-09-04 08:30:00,2.5127840407499997,2.1029939960000004,0.32615550725,-5.27501396375
2025-09-04 08:45:00,3.7650654156249996,3.175958553,0.48441335737499996,-5.297246377625
2025-09-04 09:00:00,5.0173467904999995,4.248923110000001,0.6426712075,-5.3194787915
2025-09-04 09:15:00,6.269628165375,5.321887667,0.8009290576249999,-5.341711205375
2025-09-04 09:30:00,7.521909540249999,6.394852224,0.9591869077499999,-5.36394361925
2025-09-04 09:45:00,8.774190915125,7.467816781000001,1.117444757875,-5.386176033125
2025-09-04 10:00:00,10.02647229,8.540781338,1.275702608,-5.408408447
2025-09-04 10:15:00,8.669110021375,7.40698785125,1.5083571230000001,-4.5337134245
2025-09-04 10:30:00,7.31174775275,6.2731943645,1.741011638,-3.659018402
2025-09-04 10:45:00,5.954385484124999,5.139400877750001,1.9736661530000001,-2.7843233795
2025-09-04 11:00:00,4.597023215499999,4.005607391,2.206320668,-1.9096283570000003
2025-09-04 11:15:00,3.2396609468749995,2.8718139042499997,2.438975183,-1.0349333344999998
2025-09-04 11:30:00,1.8822986782499989,1.7380204175000005,2.6716296980000003,-0.16023831199999972
2025-09-04 11:45:00,0.5249364096249991,0.6042269307500003,2.9042842130000004,0.7144567104999995
2025-09-04 12:00:00,-0.832425859,-0.529566556,3.136938728,1.589151733
2025-09-04 12:15:00,-1.234587264375,-0.9354466235000001,2.779047121625,1.707080582625
2025-09-04 12:30:00,-1.63674866975,-1.3413266910000001,2.42115551525,1.82500943225
2025-09-04 12:45:00,-2.038910075125,-1.7472067585000002,2.063263908875,1.942938281875
2025-09-04 13:00:00,-2.4410714805,-2.153086826,1.7053723025,2.0608671315000002
2025-09-04 13:15:00,-2.8432328858750004,-2.5589668935,1.347480696125,2.178795981125
2025-09-04 13:30:00,-3.2453942912500002,-2.964846961,0.9895890897499999,2.29672483075
2025-09-04 13:45:00,-3.647555696625,-3.3707270285,0.631697483375,2.414653680375
2025-09-04 14:00:00,-4.049717102,-3.776607096,0.273805877,2.53258253
2025-09-04 14:15:00,-3.9582001499999997,-3.6520121873750004,-0.020475327875000005,2.645729183875
2025-09-04 14:30:00,-3.8666831979999996,-3.52741727875,-0.31475653275,2.75887583775
2025-09-04 14:45:00,-3.775166246,-3.4028223701250004,-0.609037737625,2.872022491625
2025-09-04 15:00:00,-3.683649294,-3.2782274615,-0.9033189424999999,2.9851691455
2025-09-04 15:15:00,-3.5921323419999998,-3.153632552875,-1.1976001473749998,3.098315799375
2025-09-04 15:30:00,-3.50061539,-3.02903764425,-1.4918813522499998,3.2114624532500002
2025-09-04 15:45:00,-3.409098438,-2.9044427356250004,-1.786162557125,3.324609107125
2025-09-04 16:00:00,-3.317581486,-2.779847827,-2.080443762,3.437755761
2025-09-04 16:15:00,-2.834897678875,-2.37060288175,-2.4375515161249997,3.458896105875
2025-09-04 16:30:00,-2.35221387175,-1.9613579365000002,-2.79465927025,3.48003645075
2025-09-04 16:45:00,-1.869530064625,-1.55211299125,-3.1517670243750002,3.501176795625
2025-09-04 17:00:00,-1.3868462575,-1.142868046,-3.5088747785,3.5223171405
2025-09-04 17:15:00,-0.9041624503749999,-0.73362310075,-3.865982532625,3.543457485375
2025-09-04 17:30:00,-0.42147864324999995,-0.3243781554999998,-4.223090286750001,3.56459783025
2025-09-04 17:45:00,0.06120516387499997,0.08486678974999995,-4.5801980408750005,3.585738175125
2025-09-04 18:00:00,0.543888971,0.494111735,-4.937305795,3.60687852
2025-09-04 18:15:00,0.96792546275,0.883303751375,-4.564080345625,3.134630578
2025-09-04 18:30:00,1.3919619545,1.27249576775,-4.19085489625,2.6623826360000002
2025-09-04 18:45:00,1.81599844625,1.661687784125,-3.8176294468750003,2.190134694
2025-09-04 19:00:00,2.240034938,2.0508798005,-3.4444039975000003,1.717886752
2025-09-04 19:15:00,2.66407142975,2.440071816875,-3.0711785481250002,1.24563881
2025-09-04 19:30:00,3.0881079215,2.82926383325,-2.6979530987500002,0.7733908679999999
2025-09-04 19:45:00,3.5121444132499997,3.218455849625,-2.324727649375,0.30114292600000026
2025-09-04 20:00:00,3.936180905,3.607647866,-1.9515022,-0.171105016
2025-09-04 20:15:00,3.5815462408750003,3.2979372218750003,-1.343733254375,-0.50321867975
2025-09-04 20:30:00,3.22691157675,2.98822657775,-0.7359643087500001,-0.8353323435
2025-09-04 20:45:00,2.872276912625,2.678515933625,-0.12819536312500013,-1.16744600725
2025-09-04 21:00:00,2.5176422485,2.3688052895,0.4795735824999998,-1.499559671
2025-09-04 21:15:00,2.1630075843750003,2.0590946453749996,1.087342528125,-1.83167333475
2025-09-04 21:30:00,1.80837292025,1.74938400125,1.6951114737499997,-2.1637869985
2025-09-04 21:45:00,1.4537382561249999,1.4396733571249998,2.3028804193749997,-2.49590066225
2025-09-04 22:00:00,1.099103592,1.129962713,2.910649365,-2.828014326
2025-09-04 22:15:00,1.009199539375,1.0668135517500001,2.8950067048749997,-2.65295262625
2025-09-04 22:30:00,0.9192954867500001,1.0036643905,2.87936404475,-2.4778909264999998
2025-09-04 22:45:00,0.829391434125,0.9405152292500001,2.863721384625,-2.30282922675
2025-09-04 23:00:00,0.7394873815,0.877366068,2.8480787244999997,-2.127767527
2025-09-04 23:15:00,0.649583328875,0.81421690675,2.832436064375,-1.95270582725
2025-09-04 23:30:00,0.55967927625,0.7510677455000001,2.81679340425,-1.7776441275
2025-09-04 23:45:00,0.469775223625,0.6879185842500001,2.801150744125,-1.6025824277499998
2025-09-05 00:00:00,0.379871171,0.624769423,2.785508084,-1.427520728
2025-09-05 00:15:00,0.798165861125,1.033104158375,2.769049353125,-1.25670868
2025-09-05 00:30:00,1.21646055125,1.44143889375,2.75259062225,-1.0858966319999999
2025-09-05 00:45:00,1.634755241375,1.849773629125,2.736131891375,-0.9150845839999999
2025-09-05 01:00:00,2.0530499315,2.2581083645,2.7196731605,-0.744272536
2025-09-05 01:15:00,2.4713446216249997,2.666443099875,2.703214429625,-0.5734604879999999
2025-09-05 01:30:00,2.88963931175,3.07477783525,2.68675569875,-0.4026484399999999
2025-09-05 01:45:00,3.3079340018749996,3.483112570625,2.670296967875,-0.23183639199999995
2025-09-05 02:00:00,3.726228692,3.891447306,2.653838237,-0.061024344
2025-09-05 02:15:00,3.27149510225,3.397981259375,2.31431784975,0.08704972775
2025-09-05 02:30:00,2.8167615125,2.90451521275,1.9747974625,0.2351237995
2025-09-05 02:45:00,2.36202792275,2.411049166125,1.63527707525,0.38319787125
2025-09-05 03:00:00,1.907294333,1.9175831195000002,1.295756688,0.531271943
2025-09-05 03:15:00,1.4525607432499998,1.4241170728750001,0.9562363007500001,0.67934601475
2025-09-05 03:30:00,0.9978271534999998,0.9306510262500001,0.6167159135000002,0.8274200865
2025-09-05 03:45:00,0.5430935637499998,0.43718497962500047,0.2771955262499999,0.9754941582500001
2025-09-05 04:00:00,0.088359974,-0.056281067,-0.062324861,1.12356823
2025-09-05 04:15:00,-0.509541005625,-0.5546196327499999,4.084837499999244e-05,1.1663544858750001
2025-09-05 04:30:00,-1.10744198525,-1.0529581984999998,0.06240655774999999,1.20914074175
2025-09-05 04:45:00,-1.705342964875,-1.5512967642499997,0.12477226712499997,1.251926997625
2025-09-05 05:00:00,-2.3032439445,-2.0496353299999996,0.18713797649999997,1.2947132534999999
2025-09-05 05:15:00,-2.9011449241250005,-2.5479738957499998,0.249503685875,1.337499509375
2025-09-05 05:30:00,-3.4990459037500004,-3.0463124614999995,0.31186939524999996,1.38028576525
2025-09-05 05:45:00,-4.096946883375,-3.5446510272499996,0.374235104625,1.4230720211249999
2025-09-05 06:00:00,-4.694847863,-4.042989593,0.436600814,1.465858277
2025-09-05 06:15:00,-4.131786676,-3.5508508785,0.38324751575,0.74195400425
2025-09-05 06:30:00,-3.5687254889999998,-3.0587121639999997,0.32989421750000003,0.01804973150000011
2025-09-05 06:45:00,-3.005664302,-2.5665734495,0.27654091925,-0.7058545412499997
2025-09-05 07:00:00,-2.442603115,-2.0744347349999996,0.223187621,-1.4297588139999997
2025-09-05 07:15:00,-1.879541928,-1.5822960204999998,0.16983432275,-2.153663086749999
2025-09-05 07:30:00,-1.3164807410000003,-1.090157306,0.11648102449999997,-2.8775673594999995
2025-09-05 07:45:00,-0.7534195540000002,-0.5980185915000003,0.06312772624999996,-3.601471632249999
2025-09-05 08:00:00,-0.190358367,-0.105879877,0.009774428,-4.325375905
2025-09-05 08:15:00,-0.158972697,-0.098694992875,0.007576929625,-4.115973290125
2025-09-05 08:30:00,-0.12758702700000002,-0.09151010875,0.00537943125,-3.90657067525
2025-09-05 08:45:00,-0.09620135700000002,-0.084325224625,0.0031819328750000006,-3.6971680603749997
2025-09-05 09:00:00,-0.06481568700000001,-0.0771403405,0.0009844345000000008,-3.4877654455
2025-09-05 09:15:00,-0.033430017000000006,-0.069955456375,-0.0012130638749999981,-3.278362830625
2025-09-05 09:30:00,-0.0020443470000000297,-0.06277057224999999,-0.003410562249999999,-3.0689602157499998
2025-09-05 09:45:00,0.029341322999999975,-0.055585688125,-0.005608060624999998,-2.859557600875
2025-09-05 10:00:00,0.060726993,-0.048400804,-0.007805559,-2.650154986
2025-09-05 10:15:00,0.16830975212500002,0.08465700300000001,0.436394268875,-2.155674626375
2025-09-05 10:30:00,0.27589251125,0.21771481,0.88059409675,-1.66119426675
2025-09-05 10:45:00,0.383475270375,0.350772617,1.324793924625,-1.166713907125
2025-09-05 11:00:00,0.49105802950000005,0.483830424,1.7689937525000001,-0.6722335474999999
2025-09-05 11:15:00,0.598640788625,0.616888231,2.213193580375,-0.1777531878749996
2025-09-05 11:30:00,0.70622354775,0.749946038,2.65739340825,0.3167271717500002
2025-09-05 11:45:00,0.813806306875,0.883003845,3.1015932361250003,0.8112075313750005
2025-09-05 12:00:00,0.921389066,1.016061652,3.545793064,1.305687891
2025-09-05 12:15:00,0.526235306,0.639431866,3.296583949625,1.42358975925
2025-09-05 12:30:00,0.131081546,0.26280208000000005,3.0473748352500003,1.5414916275000001
2025-09-05 12:45:00,-0.26407221400000014,-0.11382770599999992,2.798165720875,1.65939349575
2025-09-05 13:00:00,-0.659225974,-0.490457492,2.5489566065,1.7772953640000002
2025-09-05 13:15:00,-1.0543797340000003,-0.8670872780000001,2.2997474921250003,1.8951972322500001
2025-09-05 13:30:00,-1.4495334940000002,-1.243717064,2.05053837775,2.0130991005000003
2025-09-05 13:45:00,-1.844687254,-1.62034685,1.801329263375,2.1310009687500004
2025-09-05 14:00:00,-2.239841014,-1.996976636,1.552120149,2.248902837
2025-09-05 14:15:00,-2.03187375225,-1.79771070425,1.18921429175,2.4102044565000003
2025-09-05 14:30:00,-1.8239064905,-1.5984447725000002,0.8263084345,2.5715060760000004
2025-09-05 14:45:00,-1.6159392287499998,-1.3991788407499999,0.4634025772500001,2.7328076955
2025-09-05 15:00:00,-1.407971967,-1.199912909,0.10049671999999998,2.894109315
2025-09-05 15:15:00,-1.2000047052499998,-1.00064697725,-0.2624091372499999,3.0554109345000002
2025-09-05 15:30:00,-0.9920374434999997,-0.8013810454999999,-0.6253149944999998,3.216712554
2025-09-05 15:45:00,-0.7840701817499998,-0.60211511375,-0.9882208517500002,3.3780141735
2025-09-05 16:00:00,-0.57610292,-0.402849182,-1.351126709,3.539315793
2025-09-05 16:15:00,-0.07337337599999993,0.03488217237500002,-1.7691487496250002,3.442500303125
2025-09-05 16:30:00,0.4293561680000001,0.47261352675,-2.18717079025,3.34568481325
2025-09-05 16:45:00,0.9320857120000002,0.9103448811249999,-2.6051928308750005,3.248869323375
2025-09-05 17:00:00,1.4348152560000003,1.3480762355,-3.0232148715000005,3.1520538335
2025-09-05 17:15:00,1.9375448000000004,1.7858075898749999,-3.4412369121250004,3.055238343625
2025-09-05 17:30:00,2.4402743440000005,2.2235389442499995,-3.8592589527500003,2.95842285375
2025-09-05 17:45:00,2.9430038880000007,2.6612702986249994,-4.277280993375,2.861607363875
2025-09-05 18:00:00,3.445733432,3.099001653,-4.695303034,2.764791874
2025-09-05 18:15:00,3.394286109375,3.0694619455,-4.479353056,1.926089357
2025-09-05 18:30:00,3.34283878675,3.039922238,-4.2634030780000005,1.08738684
2025-09-05 18:45:00,3.2913914641249997,3.0103825305000003,-4.0474531,0.24868432299999998
2025-09-05 19:00:00,3.2399441415,2.980842823,-3.831503122,-0.5900181940000002
2025-09-05 19:15:00,3.188496818875,2.9513031155,-3.6155531439999997,-1.4287207110000004
2025-09-05 19:30:00,3.13704949625,2.9217634080000003,-3.3996031660000003,-2.267423228
2025-09-05 19:45:00,3.085602173625,2.8922237005,-3.183653188,-3.106125745
2025-09-05 20:00:00,3.034154851,2.862683993,-2.96770321,-3.944828262
2025-09-05 20:15:00,2.53183269175,2.39788136325,-2.565458011125,-3.037416941125
2025-09-05 20:30:00,2.0295105325,1.9330787335,-2.16321281225,-2.13000562025
2025-09-05 20:45:00,1.5271883732499998,1.4682761037499998,-1.7609676133749999,-1.2225942993749999
2025-09-05 21:00:00,1.0248662139999998,1.0034734739999998,-1.3587224144999999,-0.31518297849999977
2025-09-05 21:15:00,0.52254405475,0.5386708442499999,-0.9564772156250001,0.5922283423750003
2025-09-05 21:30:00,0.020221895499999754,0.07386821449999958,-0.5542320167499999,1.4996396632500004
2025-09-05 21:45:00,-0.48210026375000004,-0.3909344152500003,-0.15198681787500012,2.4070509841250005
2025-09-05 22:00:00,-0.984422423,-0.855737045,0.250258381,3.314462305
2025-09-05 22:15:00,-0.9600011743750001,-0.734376257875,1.2353219158750002,3.0225908022500003
2025-09-05 22:30:00,-0.93557992575,-0.61301547075,2.2203854507500003,2.7307192995
2025-09-05 22:45:00,-0.911158677125,-0.491654683625,3.205448985625001,2.43884779675
2025-09-05 23:00:00,-0.8867374285,-0.3702938965,4.1905125205000004,2.146976294
2025-09-05 23:15:00,-0.8623161798750001,-0.24893310937500002,5.175576055375001,1.8551047912500003
2025-09-05 23:30:00,-0.83789493125,-0.12757232224999993,6.1606395902500015,1.5632332885000002
2025-09-05 23:45:00,-0.813473682625,-0.006211535124999945,7.145703125125001,1.2713617857500004
2025-09-06 00:00:00,-0.789052434,0.115149252,8.13076666,0.979490283
2025-09-06 00:15:00,-0.88274399775,0.04378571262499999,7.72274699425,0.7695551281249999
2025-09-06 00:30:00,-0.9764355615,-0.02757782675000002,7.3147273285,0.55961997325
2025-09-06 00:45:00,-1.07012712525,-0.09894136612500003,6.906707662750001,0.349684818375
2025-09-06 01:00:00,-1.163818689,-0.17030490550000005,6.498687997,0.13974966350000007
2025-09-06 01:15:00,-1.25751025275,-0.24166844487500005,6.09066833125,-0.07018549137500008
2025-09-06 01:30:00,-1.3512018165,-0.31303198425000006,5.6826486655,-0.28012064625
2025-09-06 01:45:00,-1.44489338025,-0.38439552362500007,5.27462899975,-0.4900558011249999
2025-09-06 02:00:00,-1.538584944,-0.455759063,4.866609334,-0.699990956
2025-09-06 02:15:00,-0.7412258141249999,0.195394444625,4.06735888425,-0.542938999625
2025-09-06 02:30:00,0.056133315750000135,0.84654795225,3.2681084344999998,-0.38588704325
2025-09-06 02:45:00,0.8534924456250004,1.497701459875,2.4688579847499996,-0.22883508687499998
2025-09-06 03:00:00,1.6508515755000002,2.1488549675,1.669607535,-0.07178313049999996
2025-09-06 03:15:00,2.4482107053750006,2.8000084751250003,0.8703570852499998,0.08526882587500006
2025-09-06 03:30:00,3.2455698352500004,3.45116198275,0.07110663549999963,0.2423207822500001
2025-09-06 03:45:00,4.042928965125,4.102315490374999,-0.7281438142500001,0.399372738625
2025-09-06 04:00:00,4.840288095,4.753468998,-1.527394264,0.556424695
2025-09-06 04:15:00,4.338564956,4.260695742125,-1.430603821,0.55217504325
2025-09-06 04:30:00,3.836841817,3.76792248625,-1.3338133779999999,0.5479253915
2025-09-06 04:45:00,3.335118678,3.275149230375,-1.237022935,0.54367573975
2025-09-06 05:00:00,2.833395539,2.7823759745,-1.140232492,0.539426088
2025-09-06 05:15:00,2.3316724000000004,2.289602718625,-1.043442049,0.53517643625
2025-09-06 05:30:00,1.8299492610000003,1.7968294627499994,-0.946651606,0.5309267845000001
2025-09-06 05:45:00,1.3282261220000002,1.3040562068749995,-0.8498611629999999,0.52667713275
2025-09-06 06:00:00,0.826502983,0.811282951,-0.75307072,0.522427481
2025-09-06 06:15:00,0.7054122015000001,0.6888887855,-0.6581577842499999,0.059743930124999955
2025-09-06 06:30:00,0.58432142,0.5664946200000001,-0.5632448485,-0.4029396207500001
2025-09-06 06:45:00,0.4632306385,0.4441004545,-0.46833191274999997,-0.865623171625
2025-09-06 07:00:00,0.34213985700000005,0.32170628900000003,-0.373418977,-1.3283067225000003
2025-09-06 07:15:00,0.22104907549999997,0.19931212350000005,-0.27850604124999995,-1.790990273375
2025-09-06 07:30:00,0.099958294,0.07691795800000001,-0.18359310549999996,-2.25367382425
2025-09-06 07:45:00,-0.021132487499999963,-0.04547620749999992,-0.08868016974999993,-2.716357375125
2025-09-06 08:00:00,-0.142223269,-0.167870373,0.006232766,-3.179040926
2025-09-06 08:15:00,-0.11783845050000001,-0.1610841145,0.00788351675,-3.210278213375
2025-09-06 08:30:00,-0.09345363200000001,-0.15429785599999998,0.0095342675,-3.24151550075
2025-09-06 08:45:00,-0.0690688135,-0.14751159749999998,0.01118501825,-3.272752788125
2025-09-06 09:00:00,-0.044683995000000004,-0.140725339,0.012835769,-3.3039900755000002
2025-09-06 09:15:00,-0.020299176500000002,-0.1339390805,0.01448651975,-3.335227362875
2025-09-06 09:30:00,0.0040856420000000004,-0.127152822,0.0161372705,-3.36646465025
2025-09-06 09:45:00,0.02847046049999999,-0.1203665635,0.01778802125,-3.397701937625
2025-09-06 10:00:00,0.052855279,-0.113580305,0.019438772,-3.428939225
2025-09-06 10:15:00,-0.5712267750000001,-1.967418149375,-0.59010828325,-3.57958437675
2025-09-06 10:30:00,-1.195308829,-3.8212559937500004,-1.1996553385,-3.7302295285000002
2025-09-06 10:45:00,-1.819390883,-5.675093838125,-1.80920239375,-3.8808746802500003
2025-09-06 11:00:00,-2.443472937,-7.5289316825000006,-2.418749449,-4.031519832
2025-09-06 11:15:00,-3.067554991,-9.382769526875,-3.0282965042499996,-4.18216498375
2025-09-06 11:30:00,-3.6916370450000002,-11.236607371249999,-3.6378435595,-4.3328101355
2025-09-06 11:45:00,-4.315719099000001,-13.090445215625,-4.24739061475,-4.48345528725
2025-09-06 12:00:00,-4.939801153,-14.94428306,-4.85693767,-4.634100439
2025-09-06 12:15:00,-3.8333040850000004,-11.17003539875,-2.662347675,-3.120154166
2025-09-06 12:30:00,-2.7268070170000005,-7.3957877375,-0.46775768000000006,-1.606207893
2025-09-06 12:45:00,-1.6203099490000006,-3.6215400762499996,1.7268323149999993,-0.09226161999999949
2025-09-06 13:00:00,-0.5138128810000007,0.15270758499999992,3.9214223099999996,1.4216846529999998
2025-09-06 13:15:00,0.5926841869999988,3.9269552462499995,6.116012304999999,2.935630926
2025-09-06 13:30:00,1.6991812549999992,7.701202907500001,8.3106023,4.449577199000001
2025-09-06 13:45:00,2.8056783229999986,11.475450568749999,10.505192295,5.963523471999999
2025-09-06 14:00:00,3.912175391,15.24969823,12.69978229,7.477469745
2025-09-06 14:15:00,3.784434577625,13.69616629025,11.105973052,6.840284012
2025-09-06 14:30:00,3.65669376425,12.1426343505,9.512163814,6.203098279
2025-09-06 14:45:00,3.528952950875,10.58910241075,7.9183545760000005,5.565912546
2025-09-06 15:00:00,3.4012121375,9.035570471,6.324545338,4.928726813
2025-09-06 15:15:00,3.273471324125,7.48203853125,4.7307361000000006,4.29154108
2025-09-06 15:30:00,3.14573051075,5.9285065915,3.136926862000001,3.654355347
2025-09-06 15:45:00,3.017989697375,4.37497465175,1.5431176240000006,3.017169614
2025-09-06 16:00:00,2.890248884,2.821442712,-0.050691614,2.379983881
2025-09-06 16:15:00,2.68272101225,2.631641407375,-0.5670720488750001,2.514803427375
2025-09-06 16:30:00,2.4751931405,2.44184010275,-1.0834524837500001,2.6496229737499997
2025-09-06 16:45:00,2.26766526875,2.252038798125,-1.5998329186250002,2.784442520125
2025-09-06 17:00:00,2.060137397,2.0622374935,-2.1162133535000005,2.9192620665
2025-09-06 17:15:00,1.85260952525,1.872436188875,-2.6325937883750004,3.054081612875
2025-09-06 17:30:00,1.6450816535,1.68263488425,-3.1489742232500006,3.1889011592500003
2025-09-06 17:45:00,1.43755378175,1.492833579625,-3.6653546581250005,3.323720705625
2025-09-06 18:00:00,1.23002591,1.303032275,-4.181735093,3.458540252
2025-09-06 18:15:00,1.263397438125,1.313523179625,-4.322757525,3.0037425245000002
2025-09-06 18:30:00,1.29676896625,1.3240140842500001,-4.463779957,2.5489447970000003
2025-09-06 18:45:00,1.330140494375,1.334504988875,-4.6048023890000005,2.0941470695
2025-09-06 19:00:00,1.3635120225,1.3449958935000002,-4.745824821,1.6393493420000003
2025-09-06 19:15:00,1.396883550625,1.355486798125,-4.886847253,1.1845516145000001
2025-09-06 19:30:00,1.43025507875,1.36597770275,-5.027869685000001,0.7297538870000002
2025-09-06 19:45:00,1.463626606875,1.376468607375,-5.168892117,0.2749561595000003
2025-09-06 20:00:00,1.496998135,1.386959512,-5.309914549,-0.179841568
2025-09-06 20:15:00,1.2351920094166666,1.1678282422083333,-4.989223955,-0.12872095808333334
2025-09-06 20:30:00,0.9733858838333332,0.9486969724166667,-4.668533361,-0.07760034816666667
2025-09-06 20:45:00,0.71157975825,0.729565702625,-4.347842767,-0.026479738249999996
2025-09-06 21:00:00,0.4497736326666666,0.5104344328333333,-4.027152173,0.024640871666666675
2025-09-06 21:15:00,0.18796750708333332,0.2913031630416667,-3.706461579,0.07576148158333335
2025-09-06 21:30:00,-0.07383861849999995,0.07217189324999995,-3.385770985,0.12688209150000002
2025-09-06 21:45:00,-0.33564474408333345,-0.14695937654166658,-3.0650803910000004,0.1780027014166667
2025-09-06 22:00:00,-0.5974508696666667,-0.3660906463333333,-2.744389797,0.22912331133333336
2025-09-06 22:15:00,-0.8592569952500002,-0.5852219161250001,-2.4236992030000004,0.28024392125
2025-09-06 22:30:00,-1.1210631208333333,-0.8043531859166666,-2.103008609,0.3313645311666667
2025-09-06 22:45:00,-1.3828692464166668,-1.0234844557083334,-1.7823180150000004,0.38248514108333337
2025-09-06 23:00:00,-1.6446753719999998,-1.2426157255,-1.4616274210000002,0.43360575100000004
2025-09-06 23:15:00,-1.9064814975833333,-1.4617469952916664,-1.140936827,0.4847263609166667
2025-09-06 23:30:00,-2.168287623166667,-1.6808782650833332,-0.8202462330000007,0.5358469708333333
2025-09-06 23:45:00,-2.43009374875,-1.900009534875,-0.49955563900000044,0.5869675807500001
2025-09-07 00:00:00,-2.691899874333333,-2.1191408046666664,-0.17886504500000022,0.6380881906666667
2025-09-07 00:15:00,-2.953705999916666,-2.3382720744583336,0.141825549,0.6892088005833334
2025-09-07 00:30:00,-3.2155121255,-2.55740334425,0.4625161429999993,0.7403294105
2025-09-07 00:45:00,-3.477318251083333,-2.776534614041667,0.7832067369999995,0.7914500204166668
2025-09-07 01:00:00,-3.739124376666666,-2.9956658838333334,1.1038973309999998,0.8425706303333333
2025-09-07 01:15:00,-4.000930502249999,-3.2147971536249997,1.424587925,0.8936912402499999
2025-09-07 01:30:00,-4.262736627833333,-3.433928423416667,1.7452785189999993,0.9448118501666667
2025-09-07 01:45:00,-4.524542753416666,-3.6530596932083332,2.0659691129999995,0.9959324600833332
2025-09-07 02:00:00,-4.786348879,-3.872190963,2.386659707,1.04705307
2025-09-07 02:15:00,-4.156561259375,-3.3718234794999997,2.076792020625,1.029070308
2025-09-07 02:30:00,-3.52677363975,-2.871455996,1.76692433425,1.011087546
2025-09-07 02:45:00,-2.896986020125,-2.3710885125,1.4570566478750002,0.993104784
2025-09-07 03:00:00,-2.2671984005,-1.8707210289999998,1.1471889615000002,0.9751220220000001
2025-09-07 03:15:00,-1.6374107808749998,-1.3703535454999995,0.8373212751250003,0.95713926
2025-09-07 03:30:00,-1.0076231612499997,-0.8699860619999997,0.5274535887500003,0.939156498
2025-09-07 03:45:00,-0.3778355416249992,-0.36961857849999946,0.2175859023750002,0.9211737360000001
2025-09-07 04:00:00,0.251952078,0.130748905,-0.092281784,0.903190974
2025-09-07 04:15:00,1.2510257323749998,0.807685562625,-1.0476567535,0.745579488625
2025-09-07 04:30:00,2.2500993867499997,1.48462222025,-2.003031723,0.5879680032500001
2025-09-07 04:45:00,3.2491730411249997,2.161558877875,-2.9584066925,0.43035651787500007
2025-09-07 05:00:00,4.2482466955,2.8384955355,-3.913781662,0.27274503250000004
2025-09-07 05:15:00,5.247320349874999,3.515432193125,-4.8691566315,0.11513354712500012
2025-09-07 05:30:00,6.24639400425,4.19236885075,-5.824531601,-0.0424779382499999
2025-09-07 05:45:00,7.2454676586249995,4.8693055083750005,-6.7799065705,-0.20008942362499982
2025-09-07 06:00:00,8.244541313,5.546242166,-7.73528154,-0.357700909
2025-09-07 06:15:00,7.219677016624999,4.8611066735,-6.7646206348749995,-0.7151506105000001
2025-09-07 06:30:00,6.194812720249999,4.1759711809999995,-5.79395972975,-1.072600312
2025-09-07 06:45:00,5.169948423875,3.4908356885,-4.823298824625001,-1.4300500135
2025-09-07 07:00:00,4.1450841275,2.805700196,-3.8526379195000002,-1.787499715
2025-09-07 07:15:00,3.1202198311250005,2.1205647035,-2.881977014375,-2.1449494165
2025-09-07 07:30:00,2.0953555347500004,1.4354292109999998,-1.9113161092500004,-2.502399118
2025-09-07 07:45:00,1.0704912383750003,0.7502937185,-0.940655204125,-2.8598488195000002
2025-09-07 08:00:00,0.045626942,0.065158226,0.030005701,-3.217298521
2025-09-07 08:15:00,0.008671295749999995,0.0609902505,0.031090718625,-3.305082155875
2025-09-07 08:30:00,-0.028284350500000006,0.056822275,0.032175736249999996,-3.39286579075
2025-09-07 08:45:00,-0.06523999675,0.0526542995,0.033260753875,-3.4806494256250002
2025-09-07 09:00:00,-0.102195643,0.048486324,0.0343457715,-3.5684330605000003
2025-09-07 09:15:00,-0.13915128925,0.04431834850000001,0.035430789125,-3.656216695375
2025-09-07 09:30:00,-0.1761069355,0.040150373,0.03651580675,-3.74400033025
2025-09-07 09:45:00,-0.21306258174999998,0.0359823975,0.037600824374999994,-3.831783965125
2025-09-07 10:00:00,-0.250018228,0.031814422,0.038685842,-3.9195676
2025-09-07 10:15:00,0.47357233550000005,0.6037284798749999,1.0561328883125,-3.3862648140625002
2025-09-07 10:30:00,1.197162899,1.17564253775,2.073579934625,-2.852962028125
2025-09-07 10:45:00,1.9207534625,1.7475565956249999,3.0910269809375,-2.3196592421875
2025-09-07 11:00:00,2.644344026,2.3194706535,4.10847402725,-1.78635645625
2025-09-07 11:15:00,3.3679345895,2.8913847113749997,5.1259210735625,-1.2530536703125001
2025-09-07 11:30:00,4.091525153,3.4632987692499997,6.143368119874999,-0.7197508843750002
2025-09-07 11:45:00,4.8151157165,4.035212827124999,7.1608151661875,-0.18644809843750032
2025-09-07 12:00:00,5.53870628,4.607126885,8.1782622125,0.3468546875
2025-09-07 12:15:00,-0.145956833,-2.594967455,1.253152081,-0.155402697
2025-09-07 12:30:00,1.363465618,2.323123861,1.107356786,0.307032086
2025-09-07 12:45:00,0.857263539,1.897151243,-0.01672128,0.224684554
2025-09-07 13:00:00,5.2658191435,-3.766734814666668,7.58226341,-5.199609475
2025-09-07 13:15:00,9.674374748,-9.430620872333336,15.1812481,-5.18434124
2025-09-07 13:30:00,-6.579879984,-15.09450693,-2.434633743,-5.169073005
2025-09-07 13:45:00,-1.114182502,-1.413112145,-1.062462122,0.033833018
2025-09-07 14:00:00,1.362598028,0.942209739,1.512143134,0.090002193
2025-09-07 14:15:00,-1.919041883,-2.462292776,-3.205857717,-0.018540095
2025-09-07 14:30:00,-0.635793198,-1.233301993,-1.868156075,-0.127055042
2025-09-07 14:45:00,2.268557727,1.846242428,2.276962528,0.291211469
2025-09-07 15:00:00,8.319573868,3.501874901,-3.963580414,-3.75670034
2025-09-07 15:15:00,-0.332173094,-0.074219514,0.192359897,0.012546734
2025-09-07 15:30:00,-4.059220158,0.270759042,-5.001121145,3.471503458
2025-09-07 15:45:00,-1.714277264,-1.773267176,-0.613497867,0.143984082
2025-09-07 16:00:00,-1.848180473,-2.061956622,0.791023776,-0.018540095
2025-09-07 16:15:00,1.603761815,0.668448102,-1.47237481,-0.127055012
2025-09-07 16:30:00,-1.812750213,-1.338555548,-0.661121912,0.431351911
2025-09-07 16:45:00,5.103116676,3.86282862,3.330169299,-0.245370444
2025-09-07 17:00:00,0.064913109,0.508408476,5.917634327,0.431351911
2025-09-07 17:15:00,1.543083701,1.349762857,2.449537576,-0.189201269
2025-09-07 17:30:00,7.777087234,2.059477836,3.169604971,-4.020621941
2025-09-07 17:45:00,3.7952120209999998,0.8295745404999999,3.503236193,-2.038521308
2025-09-07 18:00:00,-0.1866631920000001,-0.4003287550000003,3.836867415,-0.056420675
2025-09-07 18:15:00,-6.829490438,-0.425544251,-8.867805865,4.475467778
2025-09-07 18:30:00,2.212336145,1.079727076,0.303178969,0.16743034
2025-09-07 18:45:00,3.239193134,-3.17451052,1.190130993,-4.492324029
2025-09-07 19:00:00,-0.203418702,5.098094951,7.11172822,4.41765619
2025-09-07 19:15:00,-0.680813964,-0.423895035,1.554887583,0.260663396
2025-09-07 19:30:00,0.281656019,-0.380279429,-4.302852963,-0.189201299
2025-09-07 19:45:00,-0.028985579,-0.02741506,1.084786593,0.232310165
2025-09-07 20:00:00,2.893371224,3.082494229,2.490783837,0.121061651
2025-09-07 20:15:00,4.112459779,4.379452273,2.951507001,0.090002193
2025-09-07 20:30:00,3.416559547,4.322093938,-4.24724894,0.338118885
2025-09-07 20:45:00,-10.49215941,-18.43517153,-7.882722559,-5.219783379
2025-09-07 21:00:00,-11.60265597,-19.23717901,-7.7486773385,4.898084637
2025-09-07 21:15:00,-12.71315253,-20.03918649,-7.614632118,-4.70337609
2025-09-07 21:30:00,-9.77657109475,-15.091864112749999,-5.148654483,4.649940633
2025-09-07 21:45:00,-6.8399896595000005,-10.144541735499999,-2.682676848,-5.837091666
2025-09-07 22:00:00,-3.9034082242500006,-5.197219358249999,-0.21669921300000006,5.39486838
2025-09-07 22:15:00,-0.966826789,-0.249896981,2.249278422,0.16743034
2025-09-07 22:30:00,-1.139239497,-0.698137205,5.056696179,0.105256742
2025-09-07 22:45:00,1.625054408,1.096855775,0.083290008,0.026181505
2025-09-07 23:00:00,-1.557840765,-0.925473008,0.643293705,0.49297515
2025-09-07 23:15:00,0.15866176,-0.00730525,0.215510804,0.012023686
2025-09-07 23:30:00,2.508722112,2.415410932,0.520668252,0.043083144
