utc_time,x_error (m),y_error  (m),z_error (m),satclockerror (m)
2025-09-01 14:00:00,-1.4468116731251155,1.3193284577054274,1.5436072255067952,-1.583276546770084
2025-09-01 14:15:00,-1.351161496362091,1.252608346158554,1.6109766428302872,-1.5555412515644094
2025-09-01 14:30:00,-1.159861142836042,1.1191681230648065,1.7457154774772707,-1.5000706611530608
2025-09-01 14:45:00,-0.9685607893099927,0.9857278999710591,1.8804543121242545,-1.4446000707417108
2025-09-01 15:00:00,-0.7772604357839439,0.8522876768773119,2.015193146771238,-1.3891294803303629
2025-09-01 15:15:00,-0.7459823790609121,0.7482155874012777,2.0717640138396467,-0.9484078189347775
2025-09-01 15:30:00,-0.7147043223378808,0.6441434979252437,2.1283348809080556,-0.5076861575391922
2025-09-01 15:45:00,-0.6834262656148491,0.5400714084492098,2.184905747976464,-0.06696449614360689
2025-09-01 16:00:00,-0.6834262656148491,0.43599931897317573,2.238082937880074,0.11784726073329478
2025-09-01 16:15:00,-0.7540774453118267,0.25469816153121083,2.238082937880074,0.11784726073329478
2025-09-01 16:30:00,-0.8560066817318358,0.07339700408924597,2.2346892607152746,-0.1380626437853889
2025-09-01 16:45:00,-0.9579359181518452,-0.1079041533527189,2.2312955835504757,-0.3939725483040717
2025-09-01 17:00:00,-1.0576283297110476,-0.28920531079468376,2.227901906385677,-0.3939725483040717
2025-09-01 17:15:00,-1.0576283297110476,-0.38048942408504194,2.0674997056319895,-0.11086056242890513
2025-09-01 17:30:00,-1.0553915048502402,-0.47177353737539984,1.907097504878302,0.428161327964946
2025-09-01 17:45:00,-1.0531546799894331,-0.5630576506657582,1.746695304124615,0.9671832183587972
2025-09-01 18:00:00,-1.0531546799894331,-0.6543417639561163,1.586293103370928,1.4553646368845616
2025-09-01 18:15:00,-1.1820087862563198,-0.6914884187321643,1.408895099428566,1.4553646368845616
2025-09-01 18:30:00,-1.3130997173840129,-0.7286350735082123,1.2314970954862043,1.4045241650164748
2025-09-01 18:45:00,-1.4441906485117066,-0.7657817282842604,1.0540990915438426,1.353683693148388
2025-09-01 19:00:00,-1.5752815796394,-0.8029283830603082,0.8767010876014809,1.3028432212803012
2025-09-01 19:15:00,-1.6364741070113444,-0.8558617292065861,0.5957734071660727,0.8533486396419108
2025-09-01 19:30:00,-1.6976666343832894,-0.9087950753528637,0.31484572673066463,0.40385405800352053
2025-09-01 19:45:00,-1.7588591617552338,-0.9617284214991415,0.03391804629525655,-0.045640523634869756
2025-09-01 20:00:00,-1.7969091831796153,-0.9875983628176467,-0.21892776207780038,-0.49237611769932077
2025-09-01 20:15:00,-1.7969091831796153,-0.9875983628176467,-0.21892776207780038,-0.49237611769932077
2025-09-01 20:30:00,-1.7737666772320517,-0.9605349579898745,-0.19084589001544947,-0.48961713012538144
2025-09-01 20:45:00,-1.7506241712844888,-0.9334715531621022,-0.16276401795309828,-0.486858142551443
2025-09-01 21:00:00,-1.7274816653369254,-0.9064081483343298,-0.13468214589074706,-0.4840991549775038
2025-09-01 21:15:00,-1.7043391593893624,-0.8793447435065577,-0.10660027382839615,-0.48134016740356533
2025-09-01 21:30:00,-1.681196653441799,-0.8522813386787852,-0.07851840176604502,-0.47858117982962606
2025-09-01 21:45:00,-1.658054147494236,-0.8252179338510128,-0.05043652970369412,-0.47582219225568767
2025-09-01 22:00:00,-1.6349116415466725,-0.7981545290232405,-0.02235465764134291,-0.4730632046817484
2025-09-01 22:15:00,-1.6117691355991095,-0.7710911241954683,0.005727214421008295,-0.47030421710780906
2025-09-01 22:30:00,-1.5886266296515466,-0.744027719367696,0.03380908648335921,-0.46754522953387073
2025-09-01 22:45:00,-1.5654841237039832,-0.7169643145399237,0.061890958545710376,-0.4647862419599314
2025-09-01 23:00:00,-1.5423416177564202,-0.6899009097121513,0.08997283060806129,-0.46202725438599307
2025-09-01 23:15:00,-1.5191991118088568,-0.6628375048843792,0.11805470267041249,-0.45926826681205374
2025-09-01 23:30:00,-1.4960566058612936,-0.6357741000566068,0.1461365747327634,-0.4565092792381153
2025-09-01 23:45:00,-1.4729140999137302,-0.6087106952288344,0.1742184467951146,-0.453750291664176
2025-09-02 00:00:00,-1.4497715939661673,-0.5816472904010622,0.20230031885746574,-0.45099130409023674
2025-09-02 00:15:00,-1.4266290880186039,-0.5545838855732896,0.23038219091981668,-0.44823231651629836
2025-09-02 00:30:00,-1.403486582071041,-0.5275204807455175,0.25846406298216784,-0.445473328942359
2025-09-02 00:45:00,-1.3803440761234775,-0.5004570759177452,0.28654593504451875,-0.4427143413684207
2025-09-02 01:00:00,-1.3572015701759144,-0.473393671089973,0.31462780710686994,-0.43995535379448136
2025-09-02 01:15:00,-1.334059064228351,-0.4463302662622007,0.34270967916922085,-0.43719636622054303
2025-09-02 01:30:00,-1.310916558280788,-0.4192668614344282,0.3707915512315718,-0.4344373786466037
2025-09-02 01:45:00,-1.287774052333225,-0.3922034566066559,0.398873423293923,-0.4316783910726644
2025-09-02 02:00:00,-1.2646315463856617,-0.3651400517788837,0.4269552953562739,-0.428919403498726
2025-09-02 02:15:00,-1.2414890404380987,-0.3380766469511114,0.45503716741862504,-0.4261604159247867
2025-09-02 02:30:00,-1.218346534490535,-0.311013242123339,0.483119039480976,-0.4234014283508483
2025-09-02 02:45:00,-1.1952040285429721,-0.2839498372955667,0.5112009115433271,-0.420642440776909
2025-09-02 03:00:00,-1.1720615225954087,-0.2568864324677944,0.5392827836056782,-0.41788345320297066
2025-09-02 03:15:00,-1.1489190166478458,-0.2298230276400222,0.5673646556680293,-0.4151244656290313
2025-09-02 03:30:00,-1.1257765107002824,-0.2027596228122497,0.5954465277303804,-0.41236547805509205
2025-09-02 03:45:00,-1.1026340047527194,-0.17569621798447743,0.6235283997927313,-0.40960649048115366
2025-09-02 04:00:00,-1.0794914988051563,-0.1486328131567052,0.6516102718550825,-0.4068475029072144
2025-09-02 04:15:00,-1.0563489928575929,-0.12156940832893293,0.6796921439174335,-0.404088515333276
2025-09-02 04:30:00,-1.03320648691003,-0.09450600350116065,0.7077740159797846,-0.40132952775933667
2025-09-02 04:45:00,-1.0100639809624665,-0.06744259867338821,0.7358558880421356,-0.3985705401853983
2025-09-02 05:00:00,-0.9869214750149035,-0.04037919384561593,0.7639377601044868,-0.39581155261145895
2025-09-02 05:15:00,-0.9637789690673401,-0.013315789017843664,0.7920196321668379,-0.39305256503751973
2025-09-02 05:30:00,-0.9406364631197771,0.013747615809928601,0.8201015042291888,-0.3902935774635813
2025-09-02 05:45:00,-0.9174939571722137,0.04081102063770087,0.84818337629154,-0.387534589889642
2025-09-02 06:00:00,-0.8943514512246507,0.06787442546547331,0.876265248353891,-0.3847756023157036
2025-09-02 06:15:00,-0.8712089452770877,0.09493783029324558,0.9043471204162421,-0.38201661474176435
2025-09-02 06:30:00,-0.8480664393295242,0.12200123512101767,0.9324289924785933,-0.37925762716782596
2025-09-02 06:45:00,-0.8249239333819608,0.1490646399487899,0.9605108645409443,-0.3764986395938867
2025-09-02 07:00:00,-0.8017814274343978,0.17612804477656238,0.9885927366032954,-0.37373965201994735
2025-09-02 07:15:00,-0.7786389214868348,0.20319144960433447,1.0166746086656464,-0.37098066444600897
2025-09-02 07:30:00,-0.7554964155392718,0.23025485443210691,1.0447564807279974,-0.3682216768720697
2025-09-02 07:45:00,-0.7323539095917084,0.25731825925987933,1.0728383527903487,-0.36546268929813125
2025-09-02 08:00:00,-0.709211403644145,0.2843816640876514,1.1009202248526995,-0.362703701724192
2025-09-02 08:15:00,-0.686068897696582,0.3114450689154239,1.1290020969150507,-0.3599447141502536
2025-09-02 08:30:00,-0.662926391749019,0.338508473743196,1.157083968977402,-0.3571857265763143
2025-09-02 08:45:00,-0.6397838858014555,0.3655718785709684,1.1851658410397528,-0.354426739002375
2025-09-02 09:00:00,-0.6166413798538921,0.3926352833987409,1.2132477131021038,-0.35166775142843665
2025-09-02 09:15:00,-0.5934988739063292,0.41969868822651296,1.241329585164455,-0.3489087638544973
2025-09-02 09:30:00,-0.5703563679587661,0.4467620930542854,1.269411457226806,-0.34614977628055893
2025-09-02 09:45:00,-0.5472138620112027,0.4738254978820577,1.2974933292891573,-0.34339078870661965
2025-09-02 10:00:00,-0.5240713560636393,0.50088890270983,1.325575201351508,-0.3406318011326812
2025-09-02 10:15:00,-0.5009288501160764,0.5279523075376024,1.3536570734138593,-0.337872813558742
2025-09-02 10:30:00,-0.4777863441685133,0.5550157123653745,1.3817389454762103,-0.33511382598480266
2025-09-02 10:45:00,-0.4546438382209499,0.5820791171931469,1.4098208175385616,-0.3323548384108643
2025-09-02 11:00:00,-0.43150133227338666,0.6091425220209192,1.4379026896009126,-0.32959585083692494
2025-09-02 11:15:00,-0.40835882632582365,0.6362059268486915,1.4659845616632636,-0.3268368632629866
2025-09-02 11:30:00,-0.38521632037826026,0.6632693316764638,1.4940664337256147,-0.3240778756890473
2025-09-02 11:45:00,-0.362073814430697,0.6903327365042362,1.522148305787966,-0.3213188881151089
2025-09-02 12:00:00,-0.338931308483134,0.7173961413320084,1.550230177850317,-0.3185599005411696
2025-09-02 12:15:00,-0.3157888025355706,0.7444595461597808,1.5783120499126677,-0.3158009129672303
2025-09-02 12:30:00,-0.2926462965880074,0.771522950987553,1.606393921975019,-0.31304192539329195
2025-09-02 12:45:00,-0.2695037906404444,0.7985863558153253,1.63447579403737,-0.3102829378193526
2025-09-02 13:00:00,-0.2463612846928814,0.8256497606430977,1.6625576660997212,-0.30752395024541423
2025-09-02 13:15:00,-0.2232187787453182,0.8527131654708698,1.6906395381620722,-0.30476496267147496
2025-09-02 13:30:00,-0.20007627279775478,0.8797765702986423,1.718721410224423,-0.30200597509753657
2025-09-02 13:45:00,-0.17693376685019177,0.9068399751264145,1.7468032822867743,-0.29924698752359724
2025-09-02 14:00:00,-0.15379126090262857,0.933903379954187,1.7748851543491253,-0.29648799994965797
2025-09-02 14:15:00,-0.13064875495506514,0.9609667847819592,1.8029670264114765,-0.2937290123757196
2025-09-02 14:30:00,-0.10750624900750214,0.9880301896097314,1.8310488984738276,-0.29097002480178025
2025-09-02 14:45:00,-0.08436374305993893,1.015093594437504,1.8591307705361786,-0.2882110372278419
2025-09-02 15:00:00,-0.0612212371123755,1.0421569992652762,1.8872126425985296,-0.2854520496539026
2025-09-02 15:15:00,-0.03807873116481251,1.0692204040930484,1.9152945146608809,-0.2826930620799642
2025-09-02 15:30:00,-0.014936225217249298,1.0962838089208204,1.9433763867232319,-0.2799340745060249
2025-09-02 15:45:00,0.008206280730313698,1.1233472137485931,1.9714582587855831,-0.27717508693208565
2025-09-02 16:00:00,0.031348786677877126,1.1504106185763652,1.999540130847934,-0.2744160993581472
2025-09-02 16:15:00,0.054491292625440335,1.1774740234041374,2.027622002910285,-0.271657111784208
2025-09-02 16:30:00,0.07763379857300333,1.2045374282319101,2.055703874972636,-0.26889812421026954
2025-09-02 16:45:00,0.10077630452056675,1.2316008330596822,2.0837857470349874,-0.26613913663633026
2025-09-02 17:00:00,0.10077630452056675,1.2316008330596822,2.111867619097338,-0.26613913663633026
2025-09-02 17:15:00,0.04923766762357656,1.116333133793755,2.1418218404994023,-0.8677431877273388
2025-09-02 17:30:00,-0.025443475220976425,0.9740020297000556,2.171776061901467,-1.472106226392286
2025-09-02 17:45:00,-0.10012461806553005,0.8316709256063561,2.2017302833035317,-2.076469265057233
2025-09-02 18:00:00,-0.17480576091008346,0.6893398215126569,2.202876853034016,-2.68083230372218
2025-09-02 18:15:00,-0.4549467415846375,0.5786506906434992,2.202876853034016,-2.707426096495189
2025-09-02 18:30:00,-0.7350877222591921,0.4679615597743414,2.1740692013624363,-2.734019889268198
2025-09-02 18:45:00,-1.0152287029337461,0.35727242890518385,2.145261549690857,-2.7606136820412077
2025-09-02 19:00:00,-1.2953696836083002,0.2465832980360262,2.116453898019277,-2.7606136820412077
2025-09-02 19:15:00,-1.366828288820556,0.1929598334669709,1.9540439490900001,-1.0032406788491723
2025-09-02 19:30:00,-1.4382868940328122,0.13933636889791556,1.791634000160723,0.7807261171158716
2025-09-02 19:45:00,-1.509745499245068,0.08571290432886028,1.6292240512314458,2.5646929130809166
2025-09-02 20:00:00,-1.5812041044573242,0.03208943975980498,1.4668141023021686,3.5092234870090193
2025-09-02 20:15:00,-1.691966617139307,0.02583024091028773,1.2840199277716517,3.5092234870090193
2025-09-02 20:30:00,-1.80272912982129,0.0195710420607703,1.1012257532411351,2.6697872649720766
2025-09-02 20:45:00,-1.9134916425032735,0.013311843211252668,0.9184315787106185,1.8303510429351322
2025-09-02 21:00:00,-2.0242541551852566,0.007052644361735237,0.7356374041801017,0.9909148208981899
2025-09-02 21:15:00,-2.1867962417903954,-0.0648608583681004,0.39641913708930543,0.7748187040919514
2025-09-02 21:30:00,-2.349338328395534,-0.13677436109793603,0.057200869998509374,0.5587225872857128
2025-09-02 21:45:00,-2.5118804150006726,-0.2086878638277717,-0.28201739709228696,0.34262647047947414
2025-09-02 22:00:00,-2.5118804150006726,-0.2806013665576073,-0.6212356641830836,0.12653035367323556
2025-09-02 22:15:00,-2.4624076952303113,-0.3064183338105479,-0.8310204466981949,-0.12060656737896217
2025-09-02 22:30:00,-2.2503928888548104,-0.33223530106348836,-1.0408052292133063,-0.3677434884311599
2025-09-02 22:45:00,-2.03837808247931,-0.3580522683164288,-1.2505900117284177,-0.6148804094833575
2025-09-02 23:00:00,-1.8263632761038098,-0.3612990981320278,-1.4150411791503115,-0.8395193714515651
2025-09-02 23:15:00,-1.754895618063427,-0.3612990981320278,-1.4150411791503115,-0.8395193714515651
2025-09-02 23:30:00,-1.6834279600230448,-0.3387289606946864,-1.3697075640570942,-0.8170214123675759
2025-09-02 23:45:00,-1.6119603019826623,-0.3161588232573449,-1.3243739489638768,-0.7945234532835856
2025-09-03 00:00:00,-1.5404926439422801,-0.2935886858200034,-1.2790403338706595,-0.7720254941995954
2025-09-03 00:15:00,-1.4690249859018976,-0.27101854838266193,-1.2337067187774422,-0.7495275351156061
2025-09-03 00:30:00,-1.3975573278615154,-0.24844841094532047,-1.1883731036842247,-0.727029576031616
2025-09-03 00:45:00,-1.3260896698211329,-0.2258782735079792,-1.1430394885910073,-0.7045316169476267
2025-09-03 01:00:00,-1.2546220117807507,-0.20330813607063775,-1.09770587349779,-0.6820336578636365
2025-09-03 01:15:00,-1.1831543537403681,-0.18073799863329626,-1.0523722584045727,-0.6595356987796471
2025-09-03 01:30:00,-1.111686695699986,-0.15816786119595463,-1.0070386433113554,-0.637037739695657
2025-09-03 01:45:00,-1.0402190376596032,-0.13559772375861318,-0.961705028218138,-0.6145397806116676
2025-09-03 02:00:00,-0.9687513796192212,-0.1130275863212717,-0.9163714131249204,-0.5920418215276775
2025-09-03 02:15:00,-0.8972837215788386,-0.09045744888393041,-0.8710377980317031,-0.5695438624436874
2025-09-03 02:30:00,-0.8258160635384559,-0.06788731144658879,-0.8257041829384859,-0.5470459033596979
2025-09-03 02:45:00,-0.7543484054980738,-0.045317174009247306,-0.7803705678452685,-0.5245479442757078
2025-09-03 03:00:00,-0.6828807474576917,-0.022747036571905833,-0.7350369527520509,-0.5020499851917185
2025-09-03 03:15:00,-0.6114130894173091,-0.00017689913456438457,-0.6897033376588337,-0.4795520261077283
2025-09-03 03:30:00,-0.5399454313769265,0.02239323830277709,-0.6443697225656164,-0.457054067023739
2025-09-03 03:45:00,-0.46847777333654433,0.04496337574011855,-0.5990361074723989,-0.4345561079397488
2025-09-03 04:00:00,-0.3970101152961617,0.06753351317746001,-0.5537024923791816,-0.4120581488557595
2025-09-03 04:15:00,-0.32554245725577957,0.09010365061480148,-0.5083688772859644,-0.3895601897717693
2025-09-03 04:30:00,-0.2540747992153968,0.11267378805214275,-0.46303526219274693,-0.36706223068778
2025-09-03 04:45:00,-0.1826071411750146,0.13524392548948422,-0.41770164709952945,-0.3445642716037898
2025-09-03 05:00:00,-0.111139483134632,0.15781406292682568,-0.37236803200631224,-0.32206631251979967
2025-09-03 05:15:00,-0.03967182509424962,0.18038420036416716,-0.3270344169130948,-0.29956835343581034
2025-09-03 05:30:00,0.031795832946132536,0.20295433780150843,-0.28170080181987733,-0.2770703943518202
2025-09-03 05:45:00,0.10326349098651491,0.22552447523885008,-0.23636718672666004,-0.25457243526783085
2025-09-03 06:00:00,0.17473114902689751,0.24809461267619154,-0.19103357163344276,-0.23207447618384064
2025-09-03 06:15:00,0.24619880706727967,0.27066475011353297,-0.14569995654022516,-0.20957651709985137
2025-09-03 06:30:00,0.31766646510766205,0.29323488755087446,-0.10036634144700787,-0.18707855801586115
2025-09-03 06:45:00,0.38913412314804463,0.31580502498821594,-0.05503272635379059,-0.16458059893187188
2025-09-03 07:00:00,0.4606017811884269,0.3383751624255574,-0.009699111260573299,-0.14208263984788166
2025-09-03 07:15:00,0.5320694392288094,0.36094529986289886,0.03563450383264421,-0.11958468076389236
2025-09-03 07:30:00,0.6035370972691918,0.38351543730024035,0.0809681189258615,-0.09708672167990219
2025-09-03 07:45:00,0.6750047553095744,0.40608557473758183,0.1263017340190788,-0.07458876259591198
2025-09-03 08:00:00,0.7464724133499563,0.42865571217492326,0.17163534911229633,-0.05209080351192268
2025-09-03 08:15:00,0.8179400713903389,0.4512258496122647,0.21696896420551362,-0.029592844427932474
2025-09-03 08:30:00,0.8894077294307211,0.4737959870496062,0.2623025792987309,-0.007094885343943189
2025-09-03 08:45:00,0.9608753874711039,0.4963661244869476,0.30763619439194845,0.015403073740047015
2025-09-03 09:00:00,1.032343045511486,0.5189362619242891,0.3529698094851655,0.037901032824036306
2025-09-03 09:15:00,1.1038107035518685,0.5415063993616306,0.3983034245783828,0.0603989919080256
2025-09-03 09:30:00,1.1752783615922506,0.5640765367989721,0.4436370396716003,0.0828969509920158
2025-09-03 09:45:00,1.2467460196326332,0.5866466742363136,0.48897065476481766,0.1053949100760051
2025-09-03 10:00:00,1.2467460196326332,0.6092168116736549,0.5343042698580348,0.1053949100760051
2025-09-03 10:15:00,1.0925856756584567,0.6317869491109964,0.5461186974051032,0.07215773957712031
2025-09-03 10:30:00,1.0925856756584567,0.6543570865483379,0.5461186974051032,-0.00664709705409434
2025-09-03 10:45:00,1.1624258476257476,0.6769272239856794,0.6392536374542982,-0.00664709705409434
2025-09-03 11:00:00,1.1624258476257476,0.6994973614230209,0.6392536374542982,-0.00664709705409434
2025-09-03 11:15:00,0.6426110812662683,0.7220674988603624,1.1176289609016132,-0.030659267473488894
2025-09-03 11:30:00,0.12279631490678866,0.7446376362977039,1.5960042843489284,-0.05467143789288435
2025-09-03 11:45:00,0.12279631490678866,0.7672077737350451,1.5960042843489284,-0.05467143789288435
2025-09-03 12:00:00,1.0551669709340177,0.7897779111723866,0.6124291967802441,-0.00664709705409434
2025-09-03 12:15:00,1.0551669709340177,0.8123480486097281,0.6124291967802441,0.07215773957712031
2025-09-03 12:30:00,0.7440001617814824,0.8349181860470696,0.716252275077693,0.1361904545756375
2025-09-03 12:45:00,0.43283335262894707,0.857488323484411,0.8273821538610404,0.27902800620536844
2025-09-03 13:00:00,0.12166654347641166,0.8800584609217524,0.938512032644388,0.42186555783510027
2025-09-03 13:15:00,0.12166654347641166,0.9026285983590939,0.938512032644388,0.42186555783510027
2025-09-03 13:30:00,0.6608815023747283,0.9251987357964354,0.5511633919113627,0.0932883131034621
2025-09-03 13:45:00,0.7661118432332638,0.9477688732337769,0.4999630450926846,-0.05278651115077368
2025-09-03 14:00:00,0.6608815023747283,0.9703390106711184,0.46914489609680204,-0.05278651115077368
2025-09-03 14:15:00,0.028966099365640003,0.9929091481084599,0.3074904025125486,-0.08248187752942462
2025-09-03 14:30:00,-0.7081796445019835,1.0154792855458012,0.14583590892829526,-0.11217724390807554
2025-09-03 14:45:00,-1.445325388369607,1.0380494229831427,-0.015818584655958097,-0.1418726102867256
2025-09-03 15:00:00,-2.182471132237231,1.0606195604204842,-0.17747307824021147,-0.17156797666537743
2025-09-03 15:15:00,-2.182471132237231,1.0831896978578257,-0.17747307824021147,-0.20126334304402838
2025-09-03 15:30:00,0.7403441524985395,1.1057598352951672,0.0022580859914700996,-0.2892008900810783
2025-09-03 15:45:00,0.7826998748563343,1.1283299727325087,0.1650755330148112,-0.3680055957489536
2025-09-03 16:00:00,0.7826998748563343,1.1509001101698502,0.1775142491559977,-0.5810636496730768
2025-09-03 16:15:00,0.8250555972141294,1.1734702476071917,0.3527704123205251,-0.7941217035971998
2025-09-03 16:30:00,0.8674113195719242,1.1960403850445331,0.5280265754850527,-1.007179757521324
2025-09-03 16:45:00,0.9097670419297189,1.2186105224818744,0.70328273864958,-1.220237811445447
2025-09-03 17:00:00,0.9521227642875136,1.241180659919216,0.8785389018141079,-1.43329586536957
2025-09-03 17:15:00,0.9944784866453085,1.2637507973565574,1.0537950649786352,-1.6463539192936933
2025-09-03 17:30:00,1.036834209003103,1.2863209347938989,1.229051228143163,-1.8594119732178171
2025-09-03 17:45:00,1.0791899313608984,1.3088910722312403,1.4043073913076904,-2.0724700271419403
2025-09-03 18:00:00,1.1215456537186932,1.3314612096685818,1.579563554472218,-2.2855280810660634
2025-09-03 18:15:00,1.1639013760764878,1.3540313471059233,1.7548197176367457,-2.498586134990187
2025-09-03 18:30:00,1.2062570984342826,1.3766014845432648,1.930075880801273,-2.7116441889143106
2025-09-03 18:45:00,1.2486128207920775,1.3991716219806063,2.1053320439658005,-2.9247022428384337
2025-09-03 19:00:00,1.2486128207920775,1.3991716219806063,2.2805882071303283,-2.9247022428384337
2025-09-03 19:15:00,1.0032634912915877,1.311928682918692,2.291309192874506,-2.5932251004187035
2025-09-03 19:30:00,0.7155584394333027,1.2021156064194365,2.3020301786186836,-2.0486899040748487
2025-09-03 19:45:00,0.42785338757501745,1.092302529920181,2.3127511643628615,-1.504154707730995
2025-09-03 20:00:00,0.14014833571673238,0.9824894534209254,2.3127511643628615,-0.9596195113871407
2025-09-03 20:15:00,-0.1433024494746148,0.9171642746674177,2.218671354343023,-0.6215847050733865
2025-09-03 20:30:00,-0.42675323466596216,0.8518390959139099,2.1138705585790074,-0.2835498987596312
2025-09-03 20:45:00,-0.7102040198573093,0.7865139171604022,2.0090697628149914,0.05448490755412219
2025-09-03 21:00:00,-0.9936548050486564,0.7211887384068945,1.9042689670509751,0.39251971386787654
2025-09-03 21:15:00,-1.0685243305689034,0.7185537096568478,1.7705886618712896,0.8373236583522923
2025-09-03 21:30:00,-1.1433938560891497,0.7159186809068013,1.6369083566916038,1.2821276028367081
2025-09-03 21:45:00,-1.2182633816093966,0.7132836521567548,1.5032280515119179,1.7269315473211237
2025-09-03 22:00:00,-1.2931329071296433,0.7132836521567548,1.369547746332232,2.0341399341174506
2025-09-03 22:15:00,-1.4189330565934513,0.7233291907501139,1.1608250233660835,2.0341399341174506
2025-09-03 22:30:00,-1.5447332060572587,0.7360097580935195,0.9521023003999347,1.8965443764293612
2025-09-03 22:45:00,-1.6705333555210669,0.7486903254369252,0.743379577433786,1.758948818741272
2025-09-03 23:00:00,-1.7963335049848743,0.7486903254369252,0.5346568544676372,1.621353261053183
2025-09-03 23:15:00,-1.928212149772171,0.726978530087403,0.17532824753609585,1.4892710093150967
2025-09-03 23:30:00,-2.0600907945594678,0.6925861673944755,-0.18400035939544604,1.357188757577011
2025-09-03 23:45:00,-2.191969439346764,0.658193804701548,-0.5433289663269878,1.2251065058389248
2025-09-04 00:00:00,-2.216638126634499,0.6238014420086203,-0.9026575732585294,1.0930242541008388
2025-09-04 00:15:00,-2.216638126634499,0.5542126146221964,-1.101268507672598,0.6124890082117832
2025-09-04 00:30:00,-2.1094281691349375,0.48462378723577243,-1.2998794420866668,0.13195376232272765
2025-09-04 00:45:00,-2.002218211635376,0.41503495984934846,-1.4984903765007358,-0.348581483566327
2025-09-04 01:00:00,-1.895008254135814,0.34544613246292455,-1.6971013109148045,-0.8291167294553835
2025-09-04 01:15:00,-1.7073372827762903,0.21281726774923573,-1.7622173958418268,-1.0838998208863013
2025-09-04 01:30:00,-1.519666311416767,0.08018840303554696,-1.8273334807688488,-1.3386829123172193
2025-09-04 01:45:00,-1.3319953400572437,-0.05244046167814183,-1.892449565695871,-1.593466003748136
2025-09-04 02:00:00,-1.14432436869772,-0.16713384634119297,-1.9106467241920448,-1.8163228562542306
2025-09-04 02:15:00,-1.1246224611299236,-0.16713384634119297,-1.9106467241920448,-1.8163228562542306
2025-09-04 02:30:00,-1.1049205535621276,-0.14919836629055505,-1.8637277977611963,-1.7843966173294061
2025-09-04 02:45:00,-1.0852186459943316,-0.13126288623991736,-1.816808871330348,-1.7524703784045825
2025-09-04 03:00:00,-1.0655167384265352,-0.11332740618927968,-1.7698899448994996,-1.7205441394797583
2025-09-04 03:15:00,-1.0458148308587387,-0.09539192613864199,-1.7229710184686513,-1.6886179005549335
2025-09-04 03:30:00,-1.0261129232909427,-0.07745644608800431,-1.676052092037803,-1.6566916616301102
2025-09-04 03:45:00,-1.0064110157231467,-0.05952096603736664,-1.6291331656069543,-1.6247654227052857
2025-09-04 04:00:00,-0.9867091081553502,-0.041585485986728954,-1.582214239176106,-1.5928391837804623
2025-09-04 04:15:00,-0.9670072005875537,-0.023650005936091078,-1.5352953127452578,-1.5609129448556376
2025-09-04 04:30:00,-0.9473052930197577,-0.005714525885453376,-1.4883763863144093,-1.5289867059308133
2025-09-04 04:45:00,-0.9276033854519617,0.012220954165184313,-1.441457459883561,-1.4970604670059897
2025-09-04 05:00:00,-0.9079014778841652,0.030156434215821988,-1.3945385334527127,-1.4651342280811654
2025-09-04 05:15:00,-0.8881995703163688,0.04809191426645969,-1.347619607021864,-1.433207989156341
2025-09-04 05:30:00,-0.8684976627485728,0.06602739431709737,-1.3007006805910157,-1.4012817502315174
2025-09-04 05:45:00,-0.8487957551807768,0.08396287436773506,-1.2537817541601672,-1.369355511306693
2025-09-04 06:00:00,-0.8290938476129803,0.10189835441837293,-1.206862827729319,-1.3374292723818684
2025-09-04 06:15:00,-0.8093919400451839,0.11983383446901043,-1.1599439012984707,-1.305503033457045
2025-09-04 06:30:00,-0.7896900324773878,0.13776931451964813,-1.1130249748676224,-1.2735767945322205
2025-09-04 06:45:00,-0.7699881249095918,0.1557047945702858,-1.066106048436774,-1.241650555607397
2025-09-04 07:00:00,-0.7502862173417953,0.1736402746209235,-1.0191871220059252,-1.2097243166825724
2025-09-04 07:15:00,-0.7305843097739989,0.19157575467156118,-0.9722681955750769,-1.1777980777577481
2025-09-04 07:30:00,-0.7108824022062029,0.20951123472219887,-0.9253492691442287,-1.1458718388329245
2025-09-04 07:45:00,-0.6911804946384068,0.22744671477283654,-0.8784303427133803,-1.1139455999081003
2025-09-04 08:00:00,-0.6714785870706104,0.24538219482347443,-0.8315114162825317,-1.0820193609832758
2025-09-04 08:15:00,-0.6517766795028139,0.2633176748741121,-0.7845924898516834,-1.0500931220584522
2025-09-04 08:30:00,-0.6320747719350179,0.2812531549247498,-0.737673563420835,-1.0181668831336277
2025-09-04 08:45:00,-0.6123728643672219,0.2991886349753875,-0.6907546369899867,-0.9862406442088041
2025-09-04 09:00:00,-0.5926709567994255,0.31712411502602517,-0.6438357105591382,-0.9543144052839797
2025-09-04 09:15:00,-0.5729690492316291,0.33505959507666305,-0.5969167841282897,-0.9223881663591554
2025-09-04 09:30:00,-0.553267141663833,0.3529950751273008,-0.5499978576974416,-0.8904619274343318
2025-09-04 09:45:00,-0.533565234096037,0.37093055517793844,-0.503078931266593,-0.8585356885095073
2025-09-04 10:00:00,-0.5138633265282405,0.3888660352285761,-0.4561600048357447,-0.826609449584683
2025-09-04 10:15:00,-0.4941614189604441,0.40680151527921377,-0.4092410784048963,-0.7946832106598594
2025-09-04 10:30:00,-0.4744595113926478,0.4247369953298515,-0.3623221519740477,-0.762756971735035
2025-09-04 10:45:00,-0.4547576038248516,0.44267247538048915,-0.31540322554319933,-0.7308307328102105
2025-09-04 11:00:00,-0.43505569625705537,0.46060795543112687,-0.2684842991123513,-0.698904493885387
2025-09-04 11:15:00,-0.4153537886892593,0.4785434354817646,-0.22156537268150261,-0.6669782549605625
2025-09-04 11:30:00,-0.3956518811214631,0.49647891553240237,-0.17464644625065429,-0.6350520160357389
2025-09-04 11:45:00,-0.3759499735536669,0.5144143955830401,-0.1277275198198057,-0.6031257771109145
2025-09-04 12:00:00,-0.3562480659858706,0.5323498756336777,-0.08080859338895735,-0.57119953818609
2025-09-04 12:15:00,-0.3365461584180744,0.5502853556843156,-0.033889666958109285,-0.5392732992612667
2025-09-04 12:30:00,-0.3168442508502782,0.5682208357349533,0.013029259472739361,-0.5073470603364422
2025-09-04 12:45:00,-0.2971423432824817,0.5861563157855909,0.05994818590358768,-0.47542082141161773
2025-09-04 13:00:00,-0.27744043571468546,0.6040917958362287,0.10686711233443603,-0.4434945824867942
2025-09-04 13:15:00,-0.25773852814688963,0.6220272758868663,0.15378603876528465,-0.41156834356196975
2025-09-04 13:30:00,-0.23803662057909297,0.6399627559375041,0.20070496519613273,-0.3796421046371453
2025-09-04 13:45:00,-0.21833471301129717,0.6578982359881419,0.2476238916269811,-0.34771586571232177
2025-09-04 14:00:00,-0.19863280544350073,0.6758337160387795,0.29454281805782967,-0.31578962678749734
2025-09-04 14:15:00,-0.1789308978757045,0.6937691960894172,0.3414617444886778,-0.28386338786267384
2025-09-04 14:30:00,-0.15922899030790824,0.7117046761400548,0.3883806709195264,-0.2519371489378494
2025-09-04 14:45:00,-0.13952708274011202,0.7296401561906927,0.43529959735037443,-0.22001091001302492
2025-09-04 15:00:00,-0.11982517517231578,0.7475756362413305,0.48221852378122276,-0.1880846710882014
2025-09-04 15:15:00,-0.10012326760451955,0.765511116291968,0.5291374502120714,-0.15615843216337696
2025-09-04 15:30:00,-0.0804213600367231,0.7834465963426058,0.5760563766429198,-0.12423219323855253
2025-09-04 15:45:00,-0.060719452468926856,0.8013820763932437,0.622975303073768,-0.092305954313729
2025-09-04 16:00:00,-0.04101754490113062,0.8193175564438812,0.6698942295046166,-0.06037971538890455
2025-09-04 16:15:00,-0.021315637333334383,0.837253036494519,0.716813155935465,-0.02845347646408011
2025-09-04 16:30:00,-0.0016137297655381456,0.8551885165451568,0.7637320823663134,0.0034727624607434272
2025-09-04 16:45:00,0.018088177802257875,0.8731239965957944,0.8106510087971618,0.03539900138556787
2025-09-04 17:00:00,0.03779008537005411,0.8910594766464321,0.8575699352280101,0.0673252403103905
2025-09-04 17:15:00,0.05749199293785035,0.9089949566970698,0.9044888616588582,0.09925147923521493
2025-09-04 17:30:00,0.07719390050564659,0.9269304367477076,0.951407788089707,0.13117771816003937
2025-09-04 17:45:00,0.09689580807344282,0.9448659167983453,0.951407788089707,0.13117771816003937
2025-09-04 18:00:00,0.4743504104121678,0.9628013968489829,0.5330743428148429,-0.09917229528783289
2025-09-04 18:15:00,0.4743504104121678,0.9807368768996207,0.49467004673345094,-0.09917229528783289
2025-09-04 18:30:00,0.314708259711672,0.9986723569502586,0.45626575065205893,-0.08982308080535732
2025-09-04 18:45:00,0.1550661090111755,1.0166078370008962,0.417861454570667,-0.08047386632288178
2025-09-04 19:00:00,-0.004576041689320733,1.034543317051534,0.37945715848927497,-0.07112465184040624
2025-09-04 19:15:00,-0.1368782919424094,1.0524787971021714,0.34105286240788296,-0.06177543735793069
2025-09-04 19:30:00,-0.1368782919424094,1.0704142771528093,0.172771877416769,-0.05135158648528279
2025-09-04 19:45:00,-0.10953839149500187,1.088349757203447,0.004490892425655012,-0.04092773561263488
2025-09-04 20:00:00,-0.08219849104759497,1.1062852372540846,-0.16379009256545896,-0.030503884739986987
2025-09-04 20:15:00,-0.054858590600187634,1.1242207173047225,-0.3320710775565729,-0.020080033867339073
2025-09-04 20:30:00,-0.0275186901527803,1.14215619735536,-0.3320710775565729,-0.020080033867339073
2025-09-04 20:45:00,0.6267128666613934,1.1600916774059977,-0.25772668212919136,-0.456243428175207
2025-09-04 21:00:00,0.6267128666613934,1.1780271574566357,-0.25772668212919136,-0.503765598368541
2025-09-04 21:15:00,0.26959174431541455,1.1959626375072732,-0.5466557612171294,-0.5512877685618767
2025-09-04 21:30:00,-0.0875293780305643,1.213898117557911,-0.8355848403050673,-0.5988099387552117
2025-09-04 21:45:00,-0.0875293780305643,1.2318335976085486,-0.8355848403050673,-0.5988099387552117
2025-09-04 22:00:00,0.784817295994169,1.2497690776591863,-0.23756257042207088,0.19726444806949242
2025-09-04 22:15:00,0.784817295994169,1.2677045577098243,-0.09643165661524426,0.19726444806949242
2025-09-04 22:30:00,0.5337796440590111,1.2856400377604618,0.5521065162541963,0.17007071750754924
2025-09-04 22:45:00,0.10089783117431585,1.3035755178110995,1.2006446891236366,0.14287698694560608
2025-09-04 23:00:00,0.03598001595714,1.3191328724597788,1.2006446891236366,0.14287698694560608
2025-09-04 23:15:00,0.03598001595714,1.3191328724597788,0.6343802611070222,0.21833062677134263
2025-09-04 23:30:00,0.40394401362465965,1.31675474705782,-0.11775227774098629,0.21833062677134263
2025-09-04 23:45:00,0.40394401362465965,1.3143766216558614,-0.11775227774098629,0.3209779971590215
2025-09-05 00:00:00,-0.5796127640956243,1.3143766216558614,0.9842704965013199,2.428438550951137
2025-09-05 00:15:00,-0.7141907322654462,1.3624344823257215,0.9842704965013199,2.428438550951137
2025-09-05 00:30:00,-0.8487687004352679,1.4128704683975397,0.7449442388123664,1.9734306633627434
2025-09-05 00:45:00,-0.9833466686050897,1.4633064544693581,0.5056179811234125,1.5184227757743498
2025-09-05 01:00:00,-0.9881361424892159,1.4633064544693581,0.2662917234344591,1.0634148881859566
2025-09-05 01:15:00,-0.9881361424892159,1.460578196695694,-0.11836291171735364,1.0405992342100405
2025-09-05 01:30:00,-0.8583476482035203,1.4074139528502114,-0.5030175468691664,1.0177835802341242
2025-09-05 01:45:00,-0.7285591539178247,1.3542497090047292,-0.8876721820209791,0.9949679262582081
2025-09-05 02:00:00,-0.7285591539178247,1.3010854651592465,-1.272326817172792,0.972152272282292
2025-09-05 02:15:00,-0.7635746611135776,1.2255134034633592,-1.3987065805809211,0.644840005832442
2025-09-05 02:30:00,-0.9283786625950261,1.149941341767472,-1.5250863439890503,0.3175277393825923
2025-09-05 02:45:00,-1.0931826640764741,1.0743692800715847,-1.6514661073971797,-0.00978452706725659
2025-09-05 03:00:00,-1.1487239095444342,0.9987972183756976,-1.777845870805309,-0.3370967935171073
2025-09-05 03:15:00,-1.1487239095444342,0.8094806009050122,-1.8257300023899177,-0.7948165231675519
2025-09-05 03:30:00,-1.039461153530946,0.6201639834343271,-1.8736141339745265,-1.2525362528179966
2025-09-05 03:45:00,-0.9301983975174575,0.4308473659636417,-1.921498265559135,-1.7102559824684411
2025-09-05 04:00:00,-0.8773961875009884,0.24153074849295667,-1.921498265559135,-1.7102559824684411
2025-09-05 04:15:00,-0.8773961875009884,0.11357257321828448,-1.8992929903495914,-1.6904562448486666
2025-09-05 04:30:00,-0.9338567334980079,-0.014385602056387569,-1.8292035835554394,-1.2129367775784474
2025-09-05 04:45:00,-0.9903172794950278,-0.14234377733106002,-1.759114176761287,-0.7354173103082282
2025-09-05 05:00:00,-1.009026056909577,-0.24784793120429507,-1.6890247699671348,-0.2623034581434363
2025-09-05 05:15:00,-1.009026056909577,-0.24784793120429507,-1.6666882690080664,-0.2623034581434363
2025-09-05 05:30:00,-0.9712742883271062,-0.2253939098028579,-1.6443517680489979,-0.26670907324886467
2025-09-05 05:45:00,-0.9335225197446358,-0.20293988840142094,-1.6220152670899297,-0.27111468835429303
2025-09-05 06:00:00,-0.8957707511621651,-0.1804858669999838,-1.5996787661308614,-0.27552030345972045
2025-09-05 06:15:00,-0.8580189825796948,-0.1580318455985467,-1.5773422651717928,-0.2799259185651488
2025-09-05 06:30:00,-0.820267213997224,-0.1355778241971097,-1.5550057642127244,-0.2843315336705771
2025-09-05 06:45:00,-0.7825154454147536,-0.11312380279567255,-1.5326692632536558,-0.28873714877600454
2025-09-05 07:00:00,-0.7447636768322828,-0.09066978139423541,-1.5103327622945877,-0.2931427638814329
2025-09-05 07:15:00,-0.7070119082498125,-0.06821575999279847,-1.4879962613355193,-0.2975483789868612
2025-09-05 07:30:00,-0.6692601396673418,-0.04576173859136132,-1.465659760376451,-0.3019539940922887
2025-09-05 07:45:00,-0.6315083710848715,-0.02330771718992417,-1.4433232594173824,-0.30635960919771693
2025-09-05 08:00:00,-0.5937566025024011,-0.0008536957884872051,-1.4209867584583142,-0.3107652243031453
2025-09-05 08:15:00,-0.5560048339199303,0.021600325612949944,-1.3986502574992459,-0.31517083940857277
2025-09-05 08:30:00,-0.5182530653374595,0.04405434701438709,-1.3763137565401773,-0.3195764545140011
2025-09-05 08:45:00,-0.4805012967549892,0.06650836841582404,-1.353977255581109,-0.32398206961942944
2025-09-05 09:00:00,-0.44274952817251845,0.08896238981726119,-1.3316407546220406,-0.3283876847248568
2025-09-05 09:15:00,-0.40499775959004813,0.11141641121869815,-1.3093042536629722,-0.33279329983028516
2025-09-05 09:30:00,-0.36724599100757777,0.13387043262013512,-1.2869677527039038,-0.3371989149357135
2025-09-05 09:45:00,-0.3294942224251068,0.15632445402157227,-1.2646312517448355,-0.34160453004114094
2025-09-05 10:00:00,-0.2917424538426365,0.1787784754230094,-1.242294750785767,-0.3460101451465693
2025-09-05 10:15:00,-0.2539906852601657,0.20123249682444638,-1.2199582498266988,-0.35041576025199767
2025-09-05 10:30:00,-0.21623891667769557,0.22368651822588353,-1.1976217488676304,-0.35482137535742503
2025-09-05 10:45:00,-0.1784871480952248,0.2461405396273207,-1.1752852479085618,-0.3592269904628534
2025-09-05 11:00:00,-0.14073537951275447,0.2685945610287578,-1.1529487469494935,-0.3636326055682817
2025-09-05 11:15:00,-0.1029836109302837,0.29104858243019477,-1.130612245990425,-0.36803822067370917
2025-09-05 11:30:00,-0.06523184234781315,0.3135026038316319,-1.1082757450313565,-0.3724438357791375
2025-09-05 11:45:00,-0.02748007376534281,0.33595662523306885,-1.0859392440722884,-0.3768494508845658
2025-09-05 12:00:00,0.010271694817127957,0.358410646634506,-1.06360274311322,-0.3812550659899932
2025-09-05 12:15:00,0.048023463399598294,0.38086466803594315,-1.0412662421541514,-0.38566068109542156
2025-09-05 12:30:00,0.08577523198206885,0.40331868943738014,-1.0189297411950833,-0.3900662962008499
2025-09-05 12:45:00,0.12352700056453961,0.4257727108388173,-0.9965932402360148,-0.39447191130627735
2025-09-05 13:00:00,0.16127876914700995,0.4482267322402544,-0.9742567392769463,-0.39887752641170565
2025-09-05 13:15:00,0.1990305377294805,0.4706807536416914,-0.9519202383178779,-0.403283141517134
2025-09-05 13:30:00,0.23678230631195085,0.4931347750431285,-0.9295837373588095,-0.40768875662256143
2025-09-05 13:45:00,0.2745340748944216,0.5155887964445656,-0.9072472363997411,-0.4120943717279898
2025-09-05 14:00:00,0.3122858434768919,0.5380428178460026,-0.8849107354406728,-0.4164999868334181
2025-09-05 14:15:00,0.3500376120593625,0.5604968392474398,-0.8625742344816043,-0.4209056019388456
2025-09-05 14:30:00,0.38778938064183327,0.5829508606488768,-0.8402377335225361,-0.4253112170442738
2025-09-05 14:45:00,0.4255411492243036,0.6054048820503141,-0.8179012325634676,-0.4297168321497022
2025-09-05 15:00:00,0.46329291780677445,0.627858903451751,-0.7955647316043991,-0.43412244725512966
2025-09-05 15:15:00,0.5010446863892448,0.650312924853188,-0.7732282306453309,-0.43852806236055797
2025-09-05 15:30:00,0.5387964549717152,0.6727669462546253,-0.7508917296862624,-0.44293367746598633
2025-09-05 15:45:00,0.576548223554186,0.6952209676560623,-0.7285552287271941,-0.4473392925714137
2025-09-05 16:00:00,0.6142999921366564,0.7176749890574993,-0.7062187277681257,-0.45174490767684206
2025-09-05 16:15:00,0.652051760719127,0.7401290104589365,-0.6838822268090573,-0.4561505227822704
2025-09-05 16:30:00,0.6898035293015973,0.7625830318603736,-0.6615457258499889,-0.46055613788769784
2025-09-05 16:45:00,0.7275552978840681,0.7850370532618106,-0.6392092248909205,-0.4649617529931262
2025-09-05 17:00:00,0.7653070664665385,0.8074910746632478,-0.6168727239318521,-0.4693673680985545
2025-09-05 17:15:00,0.8030588350490089,0.8299450960646848,-0.5945362229727837,-0.4737729832039819
2025-09-05 17:30:00,0.8408106036314796,0.8523991174661218,-0.5721997220137154,-0.4781785983094103
2025-09-05 17:45:00,0.8785623722139501,0.8748531388675591,-0.5498632210546469,-0.4825842134148386
2025-09-05 18:00:00,0.9163141407964206,0.897307160268996,-0.5275267200955787,-0.48698982852026607
2025-09-05 18:15:00,0.9540659093788909,0.9197611816704331,-0.5051902191365102,-0.4913954436256943
2025-09-05 18:30:00,0.9918176779613617,0.9422152030718701,-0.4828537181774417,-0.4958010587311227
2025-09-05 18:45:00,1.0295694465438323,0.9646692244733074,-0.46051721721837346,-0.5002066738365502
2025-09-05 19:00:00,1.067321215126303,0.9871232458747443,-0.438180716259305,-0.5046122889419784
2025-09-05 19:15:00,1.1050729837087734,1.0095772672761814,-0.4158442153002367,-0.5090179040474068
2025-09-05 19:30:00,1.142824752291244,1.0320312886776186,-0.3935077143411682,-0.5134235191528342
2025-09-05 19:45:00,1.1805765208737147,1.0544853100790557,-0.37117121338209996,-0.5178291342582626
2025-09-05 20:00:00,1.2183282894561849,1.0769393314804927,-0.3488347124230315,-0.5222347493636909
2025-09-05 20:15:00,1.2560800580386553,1.09939335288193,-0.3264982114639631,-0.5266403644691184
2025-09-05 20:30:00,1.2938318266211262,1.1218473742833668,-0.3041617105048947,-0.5310459795745467
2025-09-05 20:45:00,1.3315835952035966,1.1443013956848038,-0.28182520954582624,-0.5354515946799749
2025-09-05 21:00:00,1.3693353637860675,1.166755417086241,-0.2594887085867579,-0.5398572097854024
2025-09-05 21:15:00,1.4070871323685377,1.1892094384876781,-0.2371522076276895,-0.5442628248908308
2025-09-05 21:30:00,1.4448389009510079,1.2116634598891152,-0.21481570666862113,-0.5486684399962591
2025-09-05 21:45:00,1.4825906695334783,1.2341174812905522,-0.19247920570955274,-0.5530740551016865
2025-09-05 22:00:00,1.5203424381159487,1.2565715026919895,-0.1701427047504846,-0.5574796702071149
2025-09-05 22:15:00,1.5580942066984196,1.2790255240934265,-0.14780620379141599,-0.5618852853125432
2025-09-05 22:30:00,1.5958459752808898,1.3014795454948636,-0.12546970283234754,-0.5662909004179706
2025-09-05 22:45:00,1.6335977438633607,1.3239335668963006,-0.10313320187327916,-0.5706965155233991
2025-09-05 23:00:00,1.671349512445831,1.3463875882977376,-0.08079670091421079,-0.5751021306288273
2025-09-05 23:15:00,1.709101281028302,1.3688416096991747,-0.058460199955142414,-0.5795077457342547
2025-09-05 23:30:00,1.7468530496107724,1.391295631100612,-0.03612369899607404,-0.583913360839683
2025-09-05 23:45:00,1.784604818193243,1.413749652502049,-0.03612369899607404,-0.583913360839683
2025-09-06 00:00:00,1.8303603741265044,1.436203673903486,-0.31064829650279335,-0.3712056725270937
2025-09-06 00:15:00,1.8761159300597658,1.4586576953049233,-0.607509394968581,-0.15409236910907514
2025-09-06 00:30:00,1.921871485993027,1.4811117167063603,-0.9043704934343685,0.06302093430894166
2025-09-06 00:45:00,1.921871485993027,1.5035657381077971,-0.9043704934343685,0.16459901650300268
2025-09-06 01:00:00,1.6535326225694318,1.5260197595092342,0.14838547103298305,0.22033415511783208
2025-09-06 01:15:00,1.5144763909561434,1.5484737809106714,0.14838547103298305,0.22033415511783208
2025-09-06 01:30:00,1.5144763909561434,1.5709278023121085,0.2225983686020324,0.2991388562697302
2025-09-06 01:45:00,1.4982257333519329,1.5933818237135455,0.43123673294059583,0.31122472901227105
2025-09-06 02:00:00,1.4819750757477224,1.6158358451149828,0.43123673294059583,0.32331060175481197
2025-09-06 02:15:00,1.331673546084655,1.6871732072677172,0.2052370673935319,0.4968895502225367
2025-09-06 02:30:00,1.1813720164215875,1.758510569420452,-0.36189801924125703,0.6704684986902616
2025-09-06 02:45:00,1.067988649753912,1.8298479315731866,-0.36189801924125703,0.6704684986902616
2025-09-06 03:00:00,1.067988649753912,1.8810717437836584,0.01064999413732703,0.26658737786173387
2025-09-06 03:15:00,1.3002563426199085,1.8810717437836584,0.08558048702481905,0.20669771030718626
2025-09-06 03:30:00,1.3002563426199085,1.860958193841396,0.08558048702481905,0.10482290018497692
2025-09-06 03:45:00,1.1922078672999998,1.8408446438991335,0.04571958580139205,0.20669771030718626
2025-09-06 04:00:00,0.28830541236544066,1.820731093956871,-0.7392107763402844,1.9716196108576378
2025-09-06 04:15:00,0.22633319261059098,1.6939740618148347,-1.016773623170921,1.9716196108576378
2025-09-06 04:30:00,0.16436097285574133,1.5672170296727983,-1.2943364700015578,1.8958461905453758
2025-09-06 04:45:00,0.10238875310089167,1.440459997530762,-1.5718993168321942,1.8200727702331128
2025-09-06 05:00:00,0.04041653334604201,1.3137029653887258,-1.8494621636628312,1.7442993499208497
2025-09-06 05:15:00,-0.20958563058394505,1.1403101987610047,-1.8671541116624655,1.1945549196630942
2025-09-06 05:30:00,-0.4595877945139321,0.9669174321332837,-1.8848460596620997,0.6448104894053375
2025-09-06 05:45:00,-0.7095899584439189,0.7935246655055627,-1.902538007661734,0.09506605914758186
2025-09-06 06:00:00,-0.9595921223739062,0.6201318988778419,-1.902538007661734,-0.4546783711101729
2025-09-06 06:15:00,-1.0346436654141529,0.5194671006438397,-1.8437312640337484,-0.733099649833719
2025-09-06 06:30:00,-1.1096952084543994,0.41880230240983757,-1.7672325724061282,-1.011520928557265
2025-09-06 06:45:00,-1.1847467514946464,0.31813750417583553,-1.690733880778508,-1.2899422072808109
2025-09-06 07:00:00,-1.1847467514946464,0.21747270594183343,-1.614235189150888,-1.4463294755076903
2025-09-06 07:15:00,-1.1418256572244723,0.15796347969425004,-1.3379457697554789,-1.4463294755076903
2025-09-06 07:30:00,-1.0238530199140519,0.09845425344666679,-1.06165635036007,-1.3242954650110232
2025-09-06 07:45:00,-0.9058803826036308,0.03894502719908338,-0.7853669309646607,-1.2022614545143566
2025-09-06 08:00:00,-0.7879077452932103,-0.020564199048500032,-0.5090775115692517,-1.0802274440176898
2025-09-06 08:15:00,-0.6699351079827898,-0.08007342529608344,-0.23278809217384286,-0.958193433521023
2025-09-06 08:30:00,-0.5519624706723691,-0.13958265154366667,0.04350132722156637,-0.8361594230243562
2025-09-06 08:45:00,-0.4339898333619482,-0.1990918777912501,0.31979074661697554,-0.7141254125276892
2025-09-06 09:00:00,-0.31601719605152767,-0.2586011040388335,0.5960801660123839,-0.5920914020310224
2025-09-06 09:15:00,-0.1980445587411069,-0.31811033028641694,0.8723695854077932,-0.4700573915343547
2025-09-06 09:30:00,-0.08007192143068637,-0.37761955653400026,1.148659004803202,-0.34802338103768876
2025-09-06 09:45:00,0.03790071587973418,-0.43712878278158374,1.424948424198611,-0.22598937054102197
2025-09-06 10:00:00,0.15587335319015494,-0.49663800902916716,1.424948424198611,-0.10395536004435516
2025-09-06 10:15:00,0.9123962384371814,-0.5561472352767504,0.7389913642862327,-0.10395536004435516
2025-09-06 10:30:00,1.101345945190914,-0.6156564615243338,0.5328520204688092,-0.12005649425781849
2025-09-06 10:45:00,1.037241035896455,-0.6751656877719172,0.7389913642862327,-0.18732621543818462
2025-09-06 11:00:00,1.037241035896455,-0.7346749140195006,0.7733698183755348,-0.18732621543818462
2025-09-06 11:15:00,0.26910679744360044,-0.794184140267084,0.9345148425528486,-0.18887143833127268
2025-09-06 11:30:00,-0.49902744100925417,-0.8536933665146675,1.0956598667301625,-0.19041666122436077
2025-09-06 11:45:00,-1.2671616794621088,-0.9132025927622509,1.2568048909074765,-0.19196188411744883
2025-09-06 12:00:00,-1.2671616794621088,-0.9727118190098343,1.2568048909074765,-0.19196188411744883
2025-09-06 12:15:00,0.7288551122715986,-1.0322210452574176,0.4683011390745948,0.15096257620833495
2025-09-06 12:30:00,0.7962639708750213,-1.091730271505001,0.41803800312736555,0.15096257620833495
2025-09-06 12:45:00,0.7894984083762687,-1.1512394977525844,0.3654524718530129,-0.00664709705409434
2025-09-06 13:00:00,0.7894984083762687,-1.2107487240001678,0.35595412731231096,-0.00664709705409434
2025-09-06 13:15:00,0.49510898991150737,-1.2702579502477511,0.35595412731231096,0.806910778158756
2025-09-06 13:30:00,0.20071957144674604,-1.3297671764953345,0.34645578277160916,1.6204686533716066
2025-09-06 13:45:00,-0.0936698470180154,-1.3892764027429179,0.33695743823090735,2.434026528584457
2025-09-06 14:00:00,-0.3565114047309552,-1.3990886953892945,0.3274590936902055,3.2140374704125736
2025-09-06 14:15:00,-0.3565114047309552,-1.3990886953892945,0.30013038148735666,3.2140374704125736
2025-09-06 14:30:00,-0.3249635439791336,-1.3493917617880873,0.27280166928450783,3.18049053702784
2025-09-06 14:45:00,-0.29341568322731193,-1.29969482818688,0.24547295708165925,3.146943603643106
2025-09-06 15:00:00,-0.2618678224754903,-1.249997894585673,0.21814424487881043,3.113396670258372
2025-09-06 15:15:00,-0.23031996172366867,-1.200300960984466,0.1908155326759616,3.0798497368736384
2025-09-06 15:30:00,-0.19877210097184705,-1.1506040273832587,0.16348682047311275,3.046302803488904
2025-09-06 15:45:00,-0.16722424022002544,-1.1009070937820518,0.13615810827026395,3.0127558701041703
2025-09-06 16:00:00,-0.13567637946820402,-1.0512101601808446,0.10882939606741508,2.9792089367194365
2025-09-06 16:15:00,-0.10412851871638239,-1.0015132265796376,0.08150068386456624,2.9456620033347027
2025-09-06 16:30:00,-0.07258065796456076,-0.9518162929784306,0.05417197166171742,2.912115069949969
2025-09-06 16:45:00,-0.04103279721273913,-0.9021193593772234,0.026843259458868594,2.878568136565235
2025-09-06 17:00:00,-0.009484936460917496,-0.8524224257760162,-0.0004854527439802357,2.8450212031805013
2025-09-06 17:15:00,0.022062924290904132,-0.8027254921748092,-0.027814164946829065,2.8114742697957675
2025-09-06 17:30:00,0.05361078504272576,-0.753028558573602,-0.055142877149677895,2.7779273364110337
2025-09-06 17:45:00,0.08515864579454739,-0.703331624972395,-0.08247158935252671,2.7443804030263
2025-09-06 18:00:00,0.11670650654636902,-0.6536346913711878,-0.10980030155537555,2.710833469641566
2025-09-06 18:15:00,0.14825436729819064,-0.6039377577699808,-0.13712901375822437,2.6772865362568323
2025-09-06 18:30:00,0.1798022280500125,-0.5542408241687736,-0.1644577259610732,2.6437396028720985
2025-09-06 18:45:00,0.2113500888018337,-0.5045438905675667,-0.19178643816392202,2.6101926694873647
2025-09-06 19:00:00,0.24289794955365532,-0.4548469569663596,-0.21911515036677087,2.576645736102631
2025-09-06 19:15:00,0.27444581030547693,-0.40515002336515243,-0.2464438625696197,2.543098802717897
2025-09-06 19:30:00,0.3059936710572986,-0.35545308976394535,-0.2737725747724685,2.5095518693331633
2025-09-06 19:45:00,0.3375415318091202,-0.30575615616273827,-0.30110128697531735,2.476004935948429
2025-09-06 20:00:00,0.3690893925609418,-0.2560592225615312,-0.3284299991781662,2.4424580025636953
2025-09-06 20:15:00,0.40063725331276345,-0.20636228896032408,-0.3557587113810153,2.4089110691789615
2025-09-06 20:30:00,0.4321851140645851,-0.1566653553591168,-0.38308742358386416,2.3753641357942277
2025-09-06 20:45:00,0.46373297481640663,-0.10696842175790992,-0.41041613578671304,2.341817202409494
2025-09-06 21:00:00,0.4952808355682282,-0.05727148815670264,-0.4377448479895618,2.30827026902476
2025-09-06 21:15:00,0.5268286963200499,-0.007574554555495751,-0.4650735601924107,2.2747233356400263
2025-09-06 21:30:00,0.5583765570718715,0.04212237904571133,-0.49240227239525947,2.2411764022552925
2025-09-06 21:45:00,0.5899244178236931,0.09181931264691842,-0.5197309845981084,2.207629468870558
2025-09-06 22:00:00,0.6214722785755147,0.1415162462481253,-0.5470596968009571,2.1740825354858244
2025-09-06 22:15:00,0.6530201393273363,0.1912131798493326,-0.574388409003806,2.1405356021010906
2025-09-06 22:30:00,0.6845680000791579,0.24091011345053945,-0.6017171212066548,2.106988668716357
2025-09-06 22:45:00,0.7161158608309796,0.2906070470517468,-0.6290458334095037,2.073441735331623
2025-09-06 23:00:00,0.7476637215828011,0.34030398065295364,-0.6563745456123524,2.039894801946889
2025-09-06 23:15:00,0.7792115823346231,0.3900009142541609,-0.6837032578152014,2.0063478685621554
2025-09-06 23:30:00,0.8107594430864448,0.43969784785536803,-0.7110319700180501,1.9728009351774214
2025-09-06 23:45:00,0.8423073038382664,0.48939478145657495,-0.738360682220899,1.9392540017926876
2025-09-07 00:00:00,0.8738551645900876,0.5390917150577822,-0.7656893944237477,1.9057070684079538
2025-09-07 00:15:00,0.9054030253419092,0.5887886486589894,-0.7930181066265967,1.87216013502322
2025-09-07 00:30:00,0.9369508860937307,0.6384855822601961,-0.8203468188294454,1.838613201638486
2025-09-07 00:45:00,0.9684987468455524,0.6881825158614033,-0.8476755310322943,1.8050662682537522
2025-09-07 01:00:00,1.000046607597374,0.7378794494626105,-0.875004243235143,1.7715193348690184
2025-09-07 01:15:00,1.0315944683491955,0.7875763830638177,-0.902332955437992,1.7379724014842846
2025-09-07 01:30:00,1.0631423291010176,0.8372733166650246,-0.9296616676408407,1.7044254680995508
2025-09-07 01:45:00,1.0946901898528394,0.8869702502662318,-0.9569903798436896,1.670878534714817
2025-09-07 02:00:00,1.1262380506046608,0.936667183867439,-0.9843190920465383,1.6373316013300832
2025-09-07 02:15:00,1.1577859113564826,0.9863641174686457,-1.0116478042493873,1.6037846679453494
2025-09-07 02:30:00,1.189333772108304,1.036061051069853,-1.0389765164522362,1.5702377345606156
2025-09-07 02:45:00,1.2208816328601255,1.08575798467106,-1.0663052286550847,1.5366908011758815
2025-09-07 03:00:00,1.2524294936119469,1.1354549182722673,-1.0936339408579336,1.5031438677911477
2025-09-07 03:15:00,1.2839773543637685,1.185151851873474,-1.1209626530607826,1.469596934406414
2025-09-07 03:30:00,1.31552521511559,1.2348487854746812,-1.1482913652636315,1.4360500010216801
2025-09-07 03:45:00,1.3470730758674117,1.2845457190758884,-1.17562007746648,1.4025030676369463
2025-09-07 04:00:00,1.3786209366192337,1.3342426526770956,-1.202948789669329,1.3689561342522125
2025-09-07 04:15:00,1.4101687973710553,1.3839395862783026,-1.2302775018721779,1.3354092008674787
2025-09-07 04:30:00,1.4417166581228766,1.4336365198795098,-1.2576062140750268,1.301862267482745
2025-09-07 04:45:00,1.4732645188746982,1.483333453480717,-1.2849349262778753,1.268315334098011
2025-09-07 05:00:00,1.5048123796265198,1.5330303870819237,-1.3122636384807242,1.234768400713277
2025-09-07 05:15:00,1.5363602403783412,1.582727320683131,-1.3395923506835732,1.201221467328543
2025-09-07 05:30:00,1.5679081011301625,1.6324242542843381,-1.3669210628864221,1.1676745339438095
2025-09-07 05:45:00,1.5994559618819846,1.6821211878855453,-1.3942497750892706,1.1341276005590757
2025-09-07 06:00:00,1.5994559618819846,1.6821211878855453,-1.4215784872921196,1.1005806671743417
2025-09-07 06:15:00,1.4762636093516934,1.6694498383199068,-1.5345203237711527,1.0528460089629075
2025-09-07 06:30:00,1.3215233960695816,1.607081555153061,-1.6474621602501853,1.0051113507514733
2025-09-07 06:45:00,1.166783182787469,1.5447132719862156,-1.7604039967292184,0.957376692540039
2025-09-07 07:00:00,1.0120429695053565,1.4823449888193703,-1.8444325259409644,0.9096420343286048
2025-09-07 07:15:00,0.6423127069326309,1.3370462863255765,-1.8444325259409644,0.8619073761171705
2025-09-07 07:30:00,0.27258244435990525,1.1917475838317828,-1.815519218673677,0.8141727179057363
2025-09-07 07:45:00,-0.09714781821282065,1.046448881337989,-1.7866059114063897,0.766438059694302
2025-09-07 08:00:00,-0.4668780807855463,0.9011501788441952,-1.7576926041391026,0.7187034014828678
2025-09-07 08:15:00,-0.6395691507508409,0.8653057754936841,-1.6721414290651913,0.5111365092407625
2025-09-07 08:30:00,-0.8122602207161352,0.8294613721431731,-1.5865902539912802,0.3035696169986563
2025-09-07 08:45:00,-0.9849512906814296,0.793616968792662,-1.501039078917369,0.09600272475655186
2025-09-07 09:00:00,-1.1576423606467245,0.793616968792662,-1.415487903843458,-0.0323769872852607
2025-09-07 09:15:00,-1.2441709906198588,0.8621377154468026,-1.2477837355440162,-0.0323769872852607
2025-09-07 09:30:00,-1.3306996205929935,0.9665028654514543,-1.0800795672445749,0.04681019291503116
2025-09-07 09:45:00,-1.4172282505661278,1.0708680154561059,-0.9123753989451332,0.12599737311532214
2025-09-07 10:00:00,-1.503756880539262,1.1752331654607575,-0.7446712306456916,0.20518455331561397
2025-09-07 10:15:00,-1.5902855105123967,1.2795983154654091,-0.57696706234625,0.28437173351590583
2025-09-07 10:30:00,-1.676814140485531,1.3839634654700608,-0.4092628940468085,0.3635589137161986
2025-09-07 10:45:00,-1.7633427704586653,1.4883286154747122,-0.2415587257473668,0.4427460939164905
2025-09-07 11:00:00,-1.8498714004318,1.592693765479364,-0.07385455744792524,0.5219332741167824
2025-09-07 11:15:00,-1.9364000304049342,1.6970589154840157,0.09384961085151608,0.6011204543170743
2025-09-07 11:30:00,-2.0229286603780685,1.8014240654886673,0.2615537791509579,0.6803076345173661
2025-09-07 11:45:00,-2.109457290351203,1.8014240654886673,0.42925794745039925,0.6803076345173661
2025-09-07 12:00:00,-2.109457290351203,0.5154967714834786,1.8233246524531252,0.540591260288803
2025-09-07 12:15:00,-2.0272902638130894,0.43664193822778125,1.9577385124411937,0.3216877058599471
2025-09-07 12:30:00,-1.8585946073018413,0.3577871049720839,2.0921523724292617,0.10278415143109124
2025-09-07 12:45:00,-1.6898989507905935,0.2789322717163865,2.2265662324173303,-0.11611940299776465
2025-09-07 13:00:00,-1.5212032942793454,0.20007743846068915,2.2265662324173303,-0.2611747219117191
2025-09-07 13:15:00,-0.11968801988598593,0.0788342797937009,1.5204565535277696,-0.2611747219117191
2025-09-07 13:30:00,1.1041249230104067,-0.04240887887328734,0.6799330146501408,-0.18732648639681773
2025-09-07 13:45:00,1.1041249230104067,-0.16365203754027557,0.6799330146501408,-0.18732648639681773
2025-09-07 14:00:00,1.0840558174080153,-0.28489519620726383,0.7646342388446459,-0.18732621543818462
2025-09-07 14:15:00,0.8714190246229053,-0.4260396379229998,0.8384949210927259,-0.00664709705409434
2025-09-07 14:30:00,0.8906605728972786,-0.5671840796387358,0.7646342388446459,-0.00664683512741564
2025-09-07 14:45:00,0.8714190246229053,-0.7083285213544717,0.8384949210927259,0.00496898535231546
2025-09-07 15:00:00,0.5315745624044679,-0.8494729630702078,0.8130590308277297,0.15096230524970183
2025-09-07 15:15:00,0.5315745624044679,-0.9888904012753441,0.8130590308277297,0.20669757482787057
2025-09-07 15:30:00,0.6988934593497134,-1.12830783948048,0.676150082779198,0.15096230524970183
2025-09-07 15:45:00,0.6988934593497134,-1.267725277685616,0.676150082779198,0.20669757482787057
2025-09-07 16:00:00,-0.07008364938172924,-1.4071427158907523,0.9879369384569234,1.0345934609442997
2025-09-07 16:15:00,-0.5556378874872618,-1.4071427158907523,0.9879369384569234,1.0345934609442997
2025-09-07 16:30:00,-1.0411921255927943,-1.4071427158907523,0.8429491378991849,0.7650315427835085
2025-09-07 16:45:00,-1.5267463636983265,-1.4071427158907523,0.6979613373414465,0.4954696246227164
2025-09-07 17:00:00,-2.0123006018038594,-1.4071427158907523,0.5529735367837078,0.22590770646192504
2025-09-07 17:15:00,-2.0123006018038594,-1.4071427158907523,0.4079857362259695,0.11635802015180267
2025-09-07 17:30:00,0.7014057857213296,-1.4071427158907523,0.32098553410397007,-0.04365421169886536
2025-09-07 17:45:00,0.7014057857213296,-1.4071427158907523,0.2773679707999252,-0.05278651115077368
2025-09-07 18:00:00,0.10080636020350657,-1.4071427158907523,-0.00664724056719286,-0.3004324121894103
2025-09-07 18:15:00,-0.527621721469938,-1.4071427158907523,-0.29066245193431084,-0.548078313228047
2025-09-07 18:30:00,-1.1560498031433828,-1.4071427158907523,-0.574677663301429,-0.7957242142666836
2025-09-07 18:45:00,-1.1560498031433828,-1.4071427158907523,-0.574677663301429,-0.7957242142666836
2025-09-07 19:00:00,0.5379700575767212,-1.4071427158907523,-0.19262326982473305,0.13942772268416512
2025-09-07 19:15:00,0.5379700575767212,-1.4071427158907523,-0.19262326982473305,0.1559120353066754
2025-09-07 19:30:00,0.33468641112912867,-1.4071427158907523,-0.3654060563157394,0.17239634792918748
2025-09-07 19:45:00,0.13140276468153622,-1.4071427158907523,-0.538188842806746,0.18888066055169866
2025-09-07 20:00:00,0.13140276468153622,-1.4071427158907523,-0.538188842806746,0.20536497317420982
2025-09-07 20:15:00,0.8692460216242017,-1.4071427158907523,-0.2579237704137727,0.20536497317420982
2025-09-07 20:30:00,0.9152242757570781,-1.4071427158907523,-0.2579237704137727,0.30857197851213114
2025-09-07 20:45:00,0.9651928670887916,-1.4071427158907523,-0.15438810059122612,0.15096257620833495
2025-09-07 21:00:00,0.9800914555059407,-1.4071427158907523,-0.23623821005440984,0.13942772268416512
2025-09-07 21:15:00,1.0049728104058904,-1.4071427158907523,-0.15438810059122612,0.13942772268416512
2025-09-07 21:30:00,0.9800914555059407,-1.4071427158907523,-0.1137444888009547,0.1278928691599953
2025-09-07 21:45:00,0.942445072123335,-1.4071427158907523,-0.11259241318251616,-0.05278651115077368
2025-09-07 22:00:00,0.9414991173147363,-1.4071427158907523,-0.11259241318251616,-0.054018312782880884
2025-09-07 22:15:00,0.9405531625061377,-1.4071427158907523,-0.1156211785989688,-0.055250114414988984
2025-09-07 22:30:00,0.9396072076975389,-1.4071427158907523,-0.11864994401542135,-0.05648191604709708
2025-09-07 22:45:00,0.9386612528889404,-1.4071427158907523,-0.12167870943187375,-0.0577137176792052
2025-09-07 23:00:00,0.9377152980803414,-1.4071427158907523,-0.12470747484832631,-0.05894551931131238
2025-09-07 23:15:00,0.9367693432717429,-1.4071427158907523,-0.12773624026477864,-0.060177320943420494
2025-09-07 23:30:00,0.935823388463144,-1.4071427158907523,-0.13076500568123126,-0.061409122575528594
2025-09-07 23:45:00,0.9348774336545455,-1.4071427158907523,-0.1337937710976839,-0.06264092420763669
2025-09-08 00:00:00,0.9339314788459468,-1.4071427158907523,-0.13682253651413623,-0.0638727258397448
2025-09-08 00:15:00,0.9329855240373479,-1.4071427158907523,-0.13985130193058887,-0.065104527471852
2025-09-08 00:30:00,0.9320395692287493,-1.4071427158907523,-0.1428800673470412,-0.0663363291039601
2025-09-08 00:45:00,0.9310936144201505,-1.4071427158907523,-0.1459088327634938,-0.06756813073606821
2025-09-08 01:00:00,0.9301476596115519,-1.4071427158907523,-0.14893759817994645,-0.0687999323681763
2025-09-08 01:15:00,0.9292017048029529,-1.4071427158907523,-0.15196636359639878,-0.07003173400028442
2025-09-08 01:30:00,0.9282557499943543,-1.4071427158907523,-0.1549951290128514,-0.0712635356323916
2025-09-08 01:45:00,0.9273097951857555,-1.4071427158907523,-0.15802389442930395,-0.07249533726449969
2025-09-08 02:00:00,0.9263638403771569,-1.4071427158907523,-0.16105265984575637,-0.07372713889660783
2025-09-08 02:15:00,0.9254178855685583,-1.4071427158907523,-0.16408142526220892,-0.07495894052871592
2025-09-08 02:30:00,0.9244719307599594,-1.4071427158907523,-0.16711019067866134,-0.07619074216082403
2025-09-08 02:45:00,0.9235259759513609,-1.4071427158907523,-0.1701389560951139,-0.07742254379293122
2025-09-08 03:00:00,0.9225800211427619,-1.4071427158907523,-0.1731677215115665,-0.07865434542503931
2025-09-08 03:15:00,0.9216340663341633,-1.4071427158907523,-0.17619648692801884,-0.07988614705714744
2025-09-08 03:30:00,0.9206881115255648,-1.4071427158907523,-0.17922525234447148,-0.08111794868925554
2025-09-08 03:45:00,0.9197421567169659,-1.4071427158907523,-0.18225401776092381,-0.08234975032136363
2025-09-08 04:00:00,0.9187962019083674,-1.4071427158907523,-0.18528278317737643,-0.08358155195347082
2025-09-08 04:15:00,0.9178502470997684,-1.4071427158907523,-0.18831154859382906,-0.08481335358557893
2025-09-08 04:30:00,0.9169042922911699,-1.4071427158907523,-0.1913403140102814,-0.08604515521768705
2025-09-08 04:45:00,0.9159583374825708,-1.4071427158907523,-0.19436907942673404,-0.08727695684979515
2025-09-08 05:00:00,0.9150123826739724,-1.4071427158907523,-0.19739784484318637,-0.08850875848190325
2025-09-08 05:15:00,0.9140664278653738,-1.4071427158907523,-0.20042661025963898,-0.08974056011401044
2025-09-08 05:30:00,0.9131204730567749,-1.4071427158907523,-0.20345537567609162,-0.09097236174611856
2025-09-08 05:45:00,0.9121745182481763,-1.4071427158907523,-0.20648414109254395,-0.09220416337822666
2025-09-08 06:00:00,0.9112285634395775,-1.4071427158907523,-0.20951290650899657,-0.09343596501033476
2025-09-08 06:15:00,0.9102826086309789,-1.4071427158907523,-0.21254167192544912,-0.09466776664244286
2025-09-08 06:30:00,0.9093366538223799,-1.4071427158907523,-0.21557043734190154,-0.09589956827455004
2025-09-08 06:45:00,0.9083906990137813,-1.4071427158907523,-0.2185992027583541,-0.09713136990665817
2025-09-08 07:00:00,0.9074447442051825,-1.4071427158907523,-0.22162796817480643,-0.09836317153876627
2025-09-08 07:15:00,0.9064987893965839,-1.4071427158907523,-0.22465673359125907,-0.09959497317087437
2025-09-08 07:30:00,0.9055528345879853,-1.4071427158907523,-0.22768549900771168,-0.10082677480298247
2025-09-08 07:45:00,0.9046068797793864,-1.4071427158907523,-0.230714264424164,-0.10205857643508966
2025-09-08 08:00:00,0.9036609249707879,-1.4071427158907523,-0.23374302984061665,-0.10329037806719779
2025-09-08 08:15:00,0.9027149701621889,-1.4071427158907523,-0.23677179525706898,-0.10452217969930588
2025-09-08 08:30:00,0.9017690153535904,-1.4071427158907523,-0.2398005606735216,-0.10575398133141398
2025-09-08 08:45:00,0.9008230605449918,-1.4071427158907523,-0.24282932608997423,-0.10698578296352208
2025-09-08 09:00:00,0.8998771057363929,-1.4071427158907523,-0.24585809150642657,-0.10821758459562927
2025-09-08 09:15:00,0.8989311509277943,-1.4071427158907523,-0.2488868569228792,-0.10944938622773737
2025-09-08 09:30:00,0.8979851961191955,-1.4071427158907523,-0.2519156223393315,-0.1106811878598455
2025-09-08 09:45:00,0.8970392413105969,-1.4071427158907523,-0.25494438775578415,-0.1119129894919536
2025-09-08 10:00:00,0.8960932865019979,-1.4071427158907523,-0.25797315317223674,-0.11314479112406169
2025-09-08 10:15:00,0.8951473316933993,-1.4071427158907523,-0.2610019185886891,-0.11437659275616888
2025-09-08 10:30:00,0.8942013768848005,-1.4071427158907523,-0.2640306840051417,-0.11560839438827698
2025-09-08 10:45:00,0.8932554220762019,-1.4071427158907523,-0.2670594494215943,-0.1168401960203851
2025-09-08 11:00:00,0.8923094672676033,-1.4071427158907523,-0.2700882148380466,-0.11807199765249321
2025-09-08 11:15:00,0.8913635124590044,-1.4071427158907523,-0.27311698025449926,-0.1193037992846004
2025-09-08 11:30:00,0.8904175576504059,-1.4071427158907523,-0.2761457456709516,-0.1205356009167085
2025-09-08 11:45:00,0.8894716028418069,-1.4071427158907523,-0.2791745110874042,-0.12176740254881659
2025-09-08 12:00:00,0.8885256480332083,-1.4071427158907523,-0.28220327650385685,-0.12299920418092472
2025-09-08 12:15:00,0.8875796932246094,-1.4071427158907523,-0.2852320419203092,-0.12423100581303281
2025-09-08 12:30:00,0.8866337384160109,-1.4071427158907523,-0.2882608073367618,-0.12546280744514002
2025-09-08 12:45:00,0.8856877836074124,-1.4071427158907523,-0.29128957275321415,-0.1266946090772481
2025-09-08 13:00:00,0.8847418287988134,-1.4071427158907523,-0.2943183381696668,-0.1279264107093562
2025-09-08 13:15:00,0.8837958739902149,-1.4071427158907523,-0.2973471035861191,-0.12915821234146432
2025-09-08 13:30:00,0.8828499191816158,-1.4071427158907523,-0.30037586900257174,-0.13039001397357242
2025-09-08 13:45:00,0.8819039643730174,-1.4071427158907523,-0.3034046344190244,-0.13162181560567962
2025-09-08 14:00:00,0.8809580095644188,-1.4071427158907523,-0.3064333998354767,-0.1328536172377877
2025-09-08 14:15:00,0.8800120547558199,-1.4071427158907523,-0.3094621652519293,-0.1340854188698958
2025-09-08 14:30:00,0.8790660999472213,-1.4071427158907523,-0.3124909306683819,-0.1353172205020039
2025-09-08 14:45:00,0.8781201451386225,-1.4071427158907523,-0.31551969608483427,-0.13654902213411205
2025-09-08 15:00:00,0.8771741903300239,-1.4071427158907523,-0.31854846150128685,-0.13778082376621922
2025-09-08 15:15:00,0.8762282355214249,-1.4071427158907523,-0.3215772269177395,-0.13901262539832732
2025-09-08 15:30:00,0.8752822807128263,-1.4071427158907523,-0.3246059923341918,-0.14024442703043544
2025-09-08 15:45:00,0.8743363259042275,-1.4071427158907523,-0.32763475775064443,-0.14147622866254353
2025-09-08 16:00:00,0.8733903710956289,-1.4071427158907523,-0.3306635231670968,-0.14270803029465165
2025-09-08 16:15:00,0.8724444162870303,-1.4071427158907523,-0.33369228858354943,-0.14393983192675885
2025-09-08 16:30:00,0.8714984614784314,-1.4071427158907523,-0.33672105400000196,-0.14517163355886695
2025-09-08 16:45:00,0.8705525066698327,-1.4071427158907523,-0.3397498194164544,-0.14640343519097504
2025-09-08 17:00:00,0.8696065518612339,-1.4071427158907523,-0.34277858483290696,-0.14763523682308313
2025-09-08 17:15:00,0.8686605970526353,-1.4071427158907523,-0.3458073502493594,-0.14886703845519125
2025-09-08 17:30:00,0.8677146422440368,-1.4071427158907523,-0.3488361156658119,-0.15009884008729846
2025-09-08 17:45:00,0.8667686874354379,-1.4071427158907523,-0.3518648810822646,-0.15133064171940655
2025-09-08 18:00:00,0.8658227326268394,-1.4071427158907523,-0.35489364649871685,-0.15256244335151464
2025-09-08 18:15:00,0.8648767778182405,-1.4071427158907523,-0.35792241191516955,-0.15379424498362274
2025-09-08 18:30:00,0.8639308230096419,-1.4071427158907523,-0.36095117733162213,-0.15502604661573088
2025-09-08 18:45:00,0.8629848682010429,-1.4071427158907523,-0.36397994274807455,-0.15625784824783806
2025-09-08 19:00:00,0.8620389133924443,-1.4071427158907523,-0.3670087081645271,-0.15748964987994615
2025-09-08 19:15:00,0.8610929585838455,-1.4071427158907523,-0.37003747358097966,-0.15872145151205427
2025-09-08 19:30:00,0.8601470037752469,-1.4071427158907523,-0.3730662389974321,-0.15995325314416237
2025-09-08 19:45:00,0.859201048966648,-1.4071427158907523,-0.3760950044138846,-0.16118505477627046
2025-09-08 20:00:00,0.8582550941580493,-1.4071427158907523,-0.379123769830337,-0.1624168564083777
2025-09-08 20:15:00,0.8573091393494509,-1.4071427158907523,-0.38215253524678955,-0.16364865804048578
2025-09-08 20:30:00,0.8563631845408519,-1.4071427158907523,-0.38518130066324197,-0.16488045967259388
2025-09-08 20:45:00,0.8554172297322533,-1.4071427158907523,-0.38821006607969455,-0.16611226130470197
2025-09-08 21:00:00,0.8544712749236544,-1.4071427158907523,-0.39123883149614724,-0.16734406293681006
2025-09-08 21:15:00,0.8535253201150559,-1.4071427158907523,-0.3942675969125995,-0.1685758645689173
2025-09-08 21:30:00,0.8525793653064574,-1.4071427158907523,-0.3972963623290522,-0.1698076662010254
2025-09-08 21:45:00,0.8516334104978583,-1.4071427158907523,-0.40032512774550477,-0.17103946783313348
2025-09-08 22:00:00,0.8506874556892599,-1.4071427158907523,-0.40335389316195713,-0.17227126946524157
2025-09-08 22:15:00,0.8506874556892599,-1.4071427158907523,-0.40335389316195713,-0.17227126946524157
2025-09-08 22:30:00,1.4046787925268795,-1.4071427158907523,0.04054183355632012,-0.11795463652868748
2025-09-08 22:45:00,1.4046787925268795,-1.4071427158907523,0.058761045645270515,-0.09488506947564158
2025-09-08 23:00:00,1.3022734099481958,-1.4071427158907523,0.04054183355632012,-0.09488506947564158
2025-09-08 23:15:00,1.2125216151165679,-1.4071427158907523,-0.0854970869000389,0.06678536417978982
2025-09-08 23:30:00,1.1227698202849399,-1.4071427158907523,-0.22975521944534832,0.22845579783522124
2025-09-08 23:45:00,1.0330180254533115,-1.4071427158907523,-0.3740133519906578,0.3901262314906526
2025-09-09 00:00:00,0.9432662306216835,-1.4071427158907523,-0.5182714845359672,0.551796665146084
2025-09-09 00:15:00,0.9432662306216835,-1.4071427158907523,-0.5182714845359672,0.551796665146084
2025-09-09 00:30:00,1.2615039626343092,-1.4071427158907523,0.01449917956572034,0.3548741213319217
2025-09-09 00:45:00,1.2615039626343092,-1.4071427158907523,0.01881430135984331,0.19726444806949242
2025-09-09 01:00:00,1.2564684355189752,-1.4071427158907523,0.01449917956572034,0.19726444806949242
2025-09-09 01:15:00,1.0319006621414548,-1.4071427158907523,-0.1101676144280848,0.2678033194801552
2025-09-09 01:30:00,0.8073328887639344,-1.4071427158907523,-0.23914953021601296,0.3383421908908188
2025-09-09 01:45:00,0.582765115386414,-1.4071427158907523,-0.36813144600394115,0.4088810623014824
2025-09-09 02:00:00,0.3581973420088935,-1.4071427158907523,-0.4971133617918692,0.4794199337121461
2025-09-09 02:15:00,0.3581973420088935,-1.4071427158907523,-0.4971133617918692,0.4794199337121461
2025-09-09 02:30:00,1.1899378813133772,-1.4071427158907523,0.12632243945154792,-0.00664709705409434
2025-09-09 02:45:00,1.1899378813133772,-1.4071427158907523,0.1926270637865867,-0.022195583801716063
2025-09-09 03:00:00,1.1275928166127795,-1.4071427158907523,0.25893168812162515,-0.03774407054933779
2025-09-09 03:15:00,1.0652477519121821,-1.4071427158907523,0.3252363124566637,-0.05329255729695951
2025-09-09 03:30:00,1.0029026872115845,-1.4071427158907523,0.39154093679170215,-0.06884104404458123
2025-09-09 03:45:00,0.940557622510987,-1.4071427158907523,0.4578455611267407,-0.08438953079220296
2025-09-09 04:00:00,0.8782125578103898,-1.4071427158907523,0.5241501854617792,-0.09993801753982468
2025-09-09 04:15:00,0.8158674931097918,-1.4071427158907523,0.5904548097968176,-0.1154865042874464
2025-09-09 04:30:00,0.753522428409194,-1.4071427158907523,0.6567594341318563,-0.1310349910350681
2025-09-09 04:45:00,0.6911773637085965,-1.4071427158907523,0.7230640584668948,-0.14658347778268985
2025-09-09 05:00:00,0.628832299007999,-1.4071427158907523,0.7893686828019336,-0.16213196453031248
2025-09-09 05:15:00,0.5664872343074014,-1.4071427158907523,0.8556733071369722,-0.17768045127793416
2025-09-09 05:30:00,0.5041421696068042,-1.4071427158907523,0.9219779314720107,-0.1932289380255559
2025-09-09 05:45:00,0.44179710490620633,-1.4071427158907523,0.988282555807049,-0.20877742477317762
2025-09-09 06:00:00,0.379452040205609,-1.4071427158907523,1.0545871801420876,-0.22432591152079936
2025-09-09 06:15:00,0.3171069755050115,-1.4071427158907523,1.1208918044771263,-0.2398743982684211
2025-09-09 06:30:00,0.2547619108044135,-1.4071427158907523,1.187196428812165,-0.2554228850160428
2025-09-09 06:45:00,0.19241684610381596,-1.4071427158907523,1.2535010531472035,-0.27097137176366454
2025-09-09 07:00:00,0.1300717814032184,-1.4071427158907523,1.319805677482242,-0.2865198585112862
2025-09-09 07:15:00,0.1300717814032184,-1.4071427158907523,1.319805677482242,-0.2865198585112862
2025-09-09 07:30:00,1.1568449627180921,-1.4071427158907523,0.546108733230086,-0.18732648639681773
2025-09-09 07:45:00,1.1753511816546347,-1.4071427158907523,0.4965749185081107,-0.02971666862311654
2025-09-09 08:00:00,1.1568449627180921,-1.4071427158907523,0.546108733230086,-0.029716804102434012
2025-09-09 08:15:00,1.1454423930054531,-1.4071427158907523,0.6624193450398738,-0.029716804102434012
2025-09-09 08:30:00,1.1454423930054531,-1.4071427158907523,0.7620463038124975,-0.029716804102434012
2025-09-09 08:45:00,1.1454423930054531,-1.4071427158907523,0.7198248580254506,-0.029716804102434012
2025-09-09 09:00:00,1.1487265772383763,-1.4071427158907523,0.7497683594682347,0.12789273368067872
2025-09-09 09:15:00,1.1234615247925448,-1.4071427158907523,0.7198248580254506,0.12789273368067872
2025-09-09 09:30:00,1.1234615247925448,-1.4071427158907523,0.7085971215798976,0.1278928691599953
2025-09-09 09:45:00,1.0939657165018923,-1.4071427158907523,0.6491267633001382,0.2452616539064992
2025-09-09 10:00:00,1.0196196742361736,-1.4071427158907523,0.6491267633001382,0.2452616539064992
2025-09-09 10:15:00,0.9452736319704548,-1.4071427158907523,0.7069555098478515,0.20502102731725252
2025-09-09 10:30:00,0.8709275897047362,-1.4071427158907523,0.7647842563955649,0.16478040072800582
2025-09-09 10:45:00,0.8709275897047362,-1.4071427158907523,0.7647842563955649,0.12453977413875916
2025-09-09 11:00:00,1.0643281156109992,-1.4071427158907523,0.33782452661775697,-0.00664709705409434
2025-09-09 11:15:00,1.1892972010085352,-1.4071427158907523,0.33782452661775697,-0.07383572031556075
2025-09-09 11:30:00,1.2012450123963347,-1.4071427158907523,0.357028996808911,-0.040241408684827534
